Id,Cat,Skel,Key
1,common,,battle/battle_start
2,common,,battle/battle_end
3,common,,normal/idle
4,common,,normal/idle_inactive1
5,common,,normal/idle_inactive2
6,common,,normal/idle_inactive3
7,common,,normal/turn_loop_l
8,common,,normal/turn_loop_r
13,common,,normal/walk
14,common,,normal/walk_l
15,common,,normal/walk_r
16,common,,normal/walk_b
22,common,,normal/run
23,common,,normal/run_l
24,common,,normal/run_r
25,common,,normal/run_start
26,common,,normal/run_start_br
27,common,,normal/run_start_bl
30,common,,normal/sprint
31,common,,normal/jump_start
32,common,,normal/jump_falling
33,common,,normal/jump_landing
34,common,,battle/idle
35,common,,battle/turn_loop_l
36,common,,battle/turn_loop_r
41,common,,battle/walk
42,common,,battle/walk_l
43,common,,battle/walk_r
44,common,,battle/walk_b
50,common,,battle/run
51,common,,battle/run_l
52,common,,battle/run_r
58,common,,battle/sprint
59,common,,battle/jump_start
60,common,,battle/jump_falling
61,common,,battle/jump_landing
62,common,,normal/damage
63,common,,normal/damage_continuous
64,common,,normal/knockback_start
65,common,,normal/knockback_end
66,common,,normal/dead
67,common,,normal/dead_pose
68,common,,battle/damage
69,common,,battle/damage_continuous
70,common,,battle/knockback_start
71,common,,battle/knockback_end
72,common,,battle/dead
73,common,,battle/dead_pose
74,common,,battle/mon_float_dead_start
75,common,,battle/mon_float_dead_loop
76,common,,battle/mon_float_dead_landing
77,common,,normal/revive
78,common,,battle/weapon_guard
79,common,,battle/shield_guard
80,common,,normal/event_action_start
81,common,,normal/event_action_loop
82,common,,normal/event_action_end
83,common,,normal/item_start
84,common,,normal/item_loop
85,common,,normal/item_end
86,common,,normal/item_set
87,common,,normal/item_eat
88,common,,normal/item_drink
89,common,,battle/item_start
90,common,,battle/item_loop
91,common,,battle/item_end
92,common,,normal/magic_cmn_start
93,common,,normal/magic_cmn_loop
94,common,,battle/magic_blk_start
95,common,,battle/magic_blk_loop
96,common,,battle/magic_sng_start
97,common,,battle/magic_sng_loop
98,common,,battle/magic_cnj_start
99,common,,battle/magic_cnj_loop
100,common,,battle/magic_swl_start
101,common,,battle/magic_swl_loop
102,common,,battle/magic_pld_start
103,common,,battle/magic_pld_loop
104,common,,battle/magic_sum_start
105,common,,battle/magic_sum_loop
106,common,,battle/magic_thm_start
107,common,,battle/magic_thm_loop
108,common,,battle/magic_wht_start
109,common,,battle/magic_wht_loop
110,common,,battle/magic_sch_start
111,common,,battle/magic_sch_loop
112,common,,battle/auto_attack1
113,common,,battle/auto_attack2
114,common,,battle/auto_attack3
118,common,,battle/auto_attack_shot1
119,common,,battle/auto_attack_shot2
120,common,,battle/auto_attack_shot3
121,common,,battle/auto_attack1_mon_a
122,common,,battle/auto_attack2_mon_a
123,common,,battle/auto_attack3_mon_a
124,common,,battle/auto_attack1_mon_b
125,common,,battle/auto_attack2_mon_b
126,common,,battle/auto_attack3_mon_b
127,common,,battle/auto_attack_shot1_mon
128,common,,battle/auto_attack_shot2_mon
129,common,,battle/auto_attack_shot3_mon
130,common,,battle/mon_sp_a_start
131,common,,battle/mon_sp_a_loop
132,common,,battle/mon_sp_b_start
133,common,,battle/mon_sp_b_loop
134,common,,battle/mon_sp_c_start
135,common,,battle/mon_sp_c_loop
136,common,,battle/mon_sp_d_start
137,common,,battle/mon_sp_d_loop
138,common,,battle/mon_sp_e_start
139,common,,battle/mon_sp_e_loop
148,common,,battle/partsbreak
150,common,,normal/event_action_default_end
151,common,,normal/event_action_hwd_end
155,common,,normal/idle_bow_loop
156,common,,battle/knockback_start_pc
157,common,,battle/knockback_end_pc
161,common,,normal/guildleave
162,common,,normal/matering
163,common,,normal/dejon
164,common,,normal/telepo
169,common,,normal/aettouch_start
170,common,,normal/aettouch_loop
171,common,,normal/aettouch_end
172,common,,normal/touchaction_start
173,common,,normal/touchaction_loop
174,common,,normal/touchaction_end
175,common,,normal/lookaction_start
176,common,,normal/lookaction_loop
177,common,,normal/lookaction_end
178,common,,normal/fueaction_start
179,common,,normal/fueaction_loop
180,common,,normal/fueaction_end
181,common,,normal/searchaction_start
182,common,,normal/searchaction_loop
183,common,,normal/searchaction_end
184,common,,normal/opeaction_start
185,common,,normal/opeaction_loop
186,common,,normal/opeaction_end
187,common,,normal/callpet_start
188,common,,normal/callpet_loop
189,common,,normal/callpet_end
192,common,,normal/cannon_1
197,common,,normal/throw_firecrackers
200,common,,battle/knockback_start_pc
201,common,,battle/knockback_end_pc
208,common,,normal/carry_upper_loop
209,common,,normal/treasure_search
214,common,,normal/katagami_action
216,common,,normal/materia_transcription
296,common,,normal/farm_seed
297,common,,normal/farm_watering
298,common,,normal/farm_care
299,common,,normal/farm_manure
300,common,,normal/farm_harvest
578,common,,normal/item_sp01_start
579,common,,normal/item_sp01_loop
580,common,,normal/item_sp01_end
783,common,,normal/idle
1093,monster,m0162,mon_sp/m0162/mon_sp001
1102,monster,m0024,mon_sp/m0024/mon_sp001
1103,monster,m0024,mon_sp/m0024/mon_sp002
1104,monster,m0015,mon_sp/m0015/mon_sp001
1105,monster,m0015,mon_sp/m0015/mon_sp002
1106,monster,m0015,mon_sp/m0015/mon_sp003
1107,monster,m0004,mon_sp/m0004/mon_sp001
1108,monster,m0004,mon_sp/m0004/mon_sp002
1109,monster,m0004,mon_sp/m0004/mon_sp003
1110,monster,m0011,mon_sp/m0011/mon_sp001
1111,monster,m0011,mon_sp/m0011/mon_sp002
1112,monster,m0001,mon_sp/m0001/mon_sp001
1113,monster,m0001,mon_sp/m0001/mon_sp002
1114,monster,m0001,mon_sp/m0001/mon_sp003
1115,monster,m0001,mon_sp/m0001/mon_sp004
1116,monster,m0007,mon_sp/m0007/mon_sp001
1117,monster,m0007,mon_sp/m0007/mon_sp002
1118,monster,m0007,mon_sp/m0007/mon_sp003
1119,monster,m0008,mon_sp/m0008/mon_sp001
1120,monster,m0008,mon_sp/m0008/mon_sp002
1121,monster,m0008,mon_sp/m0008/mon_sp003
1122,monster,m0026,mon_sp/m0026/mon_sp001
1123,monster,m0026,mon_sp/m0026/mon_sp002
1124,monster,m0026,mon_sp/m0026/mon_sp003
1125,monster,m0060,mon_sp/m0060/mon_sp023
1129,monster,m0009,mon_sp/m0009/mon_sp001
1130,monster,m0009,mon_sp/m0009/mon_sp002
1131,monster,m0009,mon_sp/m0009/mon_sp003
1132,monster,m0030,mon_sp/m0030/mon_sp001
1133,monster,m0030,mon_sp/m0030/mon_sp002
1134,monster,m0030,mon_sp/m0030/mon_sp003
1135,monster,m0017,mon_sp/m0017/mon_sp001
1136,monster,m0017,mon_sp/m0017/mon_sp002
1137,monster,m0017,mon_sp/m0017/mon_sp003
1138,monster,m0017,mon_sp/m0017/mon_sp004
1139,monster,m0017,mon_sp/m0017/mon_sp005
1140,monster,m0017,mon_sp/m0017/mon_sp006
1141,monster,m0029,mon_sp/m0029/mon_sp001
1142,monster,m0029,mon_sp/m0029/mon_sp002
1143,monster,m0029,mon_sp/m0029/mon_sp003
1144,monster,m0029,mon_sp/m0029/mon_sp004
1145,monster,m0029,mon_sp/m0029/mon_sp005
1146,monster,m0018,mon_sp/m0018/mon_sp001
1147,monster,m0018,mon_sp/m0018/mon_sp002
1148,monster,m0005,mon_sp/m0005/mon_sp001
1149,monster,m0005,mon_sp/m0005/mon_sp002
1150,monster,m0005,mon_sp/m0005/mon_sp003
1151,monster,m0005,mon_sp/m0005/mon_sp004
1152,monster,m0013,mon_sp/m0013/mon_sp001
1153,monster,m0013,mon_sp/m0013/mon_sp002
1154,monster,m0013,mon_sp/m0013/mon_sp003
1155,monster,m0002,mon_sp/m0002/mon_sp001
1156,monster,m0002,mon_sp/m0002/mon_sp002
1157,monster,m0002,mon_sp/m0002/mon_sp003
1158,monster,m0002,mon_sp/m0002/mon_sp004
1159,monster,m0002,mon_sp/m0002/mon_sp005
1160,monster,m0025,mon_sp/m0025/mon_sp001
1161,monster,m0025,mon_sp/m0025/mon_sp002
1162,monster,m0025,mon_sp/m0025/mon_sp003
1163,monster,m0010,mon_sp/m0010/mon_sp001
1164,monster,m0010,mon_sp/m0010/mon_sp002
1165,monster,m0010,mon_sp/m0010/mon_sp003
1166,monster,m0014,mon_sp/m0014/mon_sp001
1167,monster,m0014,mon_sp/m0014/mon_sp002
1168,monster,m0014,mon_sp/m0014/mon_sp003
1169,monster,m0019,mon_sp/m0019/mon_sp001
1170,monster,m0019,mon_sp/m0019/mon_sp002
1171,monster,m0019,mon_sp/m0019/mon_sp003
1172,monster,m0006,mon_sp/m0006/mon_sp001
1173,monster,m0006,mon_sp/m0006/mon_sp002
1174,monster,m0006,mon_sp/m0006/mon_sp003
1175,monster,m0020,mon_sp/m0020/mon_sp001
1176,monster,m0020,mon_sp/m0020/mon_sp002
1177,monster,m0020,mon_sp/m0020/mon_sp003
1178,monster,m0003,mon_sp/m0003/mon_sp001
1179,monster,m0003,mon_sp/m0003/mon_sp002
1180,monster,m0003,mon_sp/m0003/mon_sp003
1181,monster,m0028,mon_sp/m0028/mon_sp001
1182,monster,m0028,mon_sp/m0028/mon_sp002
1183,monster,m0028,mon_sp/m0028/mon_sp003
1184,monster,m0028,mon_sp/m0028/mon_sp004
1188,monster,m0065,mon_sp/m0065/mon_sp001
1189,monster,m0065,mon_sp/m0065/mon_sp002
1190,monster,m0065,mon_sp/m0065/mon_sp003
1191,monster,m0032,mon_sp/m0032/mon_sp001
1192,monster,m0032,mon_sp/m0032/mon_sp002
1193,monster,m0032,mon_sp/m0032/mon_sp003
1194,monster,m0064,mon_sp/m0064/mon_sp001
1195,monster,m0064,mon_sp/m0064/mon_sp002
1196,monster,m0055,mon_sp/m0055/mon_sp001
1197,monster,m0023,mon_sp/m0023/mon_sp001
1198,monster,m0023,mon_sp/m0023/mon_sp002
1199,monster,m0022,mon_sp/m0022/mon_sp001
1200,monster,m0022,mon_sp/m0022/mon_sp002
1205,monster,m0027,mon_sp/m0027/mon_sp001
1206,monster,m0027,mon_sp/m0027/mon_sp002
1207,monster,m0027,mon_sp/m0027/mon_sp003
1208,monster,m0021,mon_sp/m0021/mon_sp001
1209,monster,m0021,mon_sp/m0021/mon_sp002
1210,monster,m0021,mon_sp/m0021/mon_sp003
1211,monster,m0039,mon_sp/m0039/mon_sp001
1212,monster,m0039,mon_sp/m0039/mon_sp002
1213,monster,m0039,mon_sp/m0039/mon_sp003
1214,monster,m0079,mon_sp/m0079/mon_sp001
1215,monster,m0079,mon_sp/m0079/mon_sp002
1216,monster,m0079,mon_sp/m0079/mon_sp003
1217,monster,m0079,mon_sp/m0079/mon_sp004
1218,monster,m0079,mon_sp/m0079/mon_sp005
1219,monster,m0027,mon_sp/m0027/mon_sp004
1220,monster,m0027,mon_sp/m0027/mon_sp005
1223,monster,m0021,mon_sp/m0021/mon_sp004
1224,monster,m0021,mon_sp/m0021/mon_sp005
1225,monster,m0021,mon_sp/m0021/mon_sp006
1233,monster,m0034,mon_sp/m0034/mon_sp001
1234,monster,m0034,mon_sp/m0034/mon_sp002
1235,monster,m0034,mon_sp/m0034/mon_sp003
1236,monster,m0036,mon_sp/m0036/mon_sp001
1237,monster,m0036,mon_sp/m0036/mon_sp002
1238,monster,m0036,mon_sp/m0036/mon_sp003
1239,monster,m0036,mon_sp/m0036/mon_sp004
1240,monster,m0040,mon_sp/m0040/mon_sp001
1241,monster,m0040,mon_sp/m0040/mon_sp002
1242,monster,m0040,mon_sp/m0040/mon_sp003
1243,monster,m0040,mon_sp/m0040/mon_sp004
1244,monster,m0040,mon_sp/m0040/mon_sp005
1245,monster,m0041,mon_sp/m0041/mon_sp001
1246,monster,m0041,mon_sp/m0041/mon_sp002
1247,monster,m0041,mon_sp/m0041/mon_sp003
1248,monster,m0043,mon_sp/m0043/mon_sp001
1249,monster,m0043,mon_sp/m0043/mon_sp002
1250,monster,m0043,mon_sp/m0043/mon_sp003
1251,monster,m0045,mon_sp/m0045/mon_sp001
1252,monster,m0045,mon_sp/m0045/mon_sp002
1253,monster,m0046,mon_sp/m0046/mon_sp001
1254,monster,m0046,mon_sp/m0046/mon_sp002
1255,monster,m0046,mon_sp/m0046/mon_sp003
1256,monster,m0047,mon_sp/m0047/mon_sp001
1257,monster,m0047,mon_sp/m0047/mon_sp002
1258,monster,m0047,mon_sp/m0047/mon_sp003
1259,monster,m0051,mon_sp/m0051/mon_sp001
1260,monster,m0051,mon_sp/m0051/mon_sp002
1261,monster,m0056,mon_sp/m0056/mon_sp001
1262,monster,m0056,mon_sp/m0056/mon_sp002
1263,monster,m0056,mon_sp/m0056/mon_sp003
1264,monster,m0068,mon_sp/m0068/mon_sp001
1265,monster,m0068,mon_sp/m0068/mon_sp002
1266,monster,m0068,mon_sp/m0068/mon_sp003
1267,monster,m0068,mon_sp/m0068/mon_sp004
1268,monster,m0068,mon_sp/m0068/mon_sp005
1269,monster,m0068,mon_sp/m0068/mon_sp006
1270,monster,m0076,mon_sp/m0076/mon_sp001
1271,monster,m0076,mon_sp/m0076/mon_sp002
1272,monster,m0076,mon_sp/m0076/mon_sp003
1273,monster,m0076,mon_sp/m0076/mon_sp004
1274,monster,m0076,mon_sp/m0076/mon_sp005
1275,monster,m0076,mon_sp/m0076/mon_sp006
1276,monster,m0076,mon_sp/m0076/mon_sp007
1277,monster,m0082,mon_sp/m0082/mon_sp001
1278,monster,m0082,mon_sp/m0082/mon_sp002
1279,monster,m0082,mon_sp/m0082/mon_sp003
1280,monster,m0082,mon_sp/m0082/mon_sp004
1281,monster,m0035,mon_sp/m0035/mon_sp001
1282,monster,m0035,mon_sp/m0035/mon_sp002
1283,monster,m0035,mon_sp/m0035/mon_sp003
1284,monster,m0035,mon_sp/m0035/mon_sp004
1285,monster,m0035,mon_sp/m0035/mon_sp005
1287,monster,m0085,mon_sp/m0085/mon_sp001
1288,monster,m0085,mon_sp/m0085/mon_sp002
1301,monster,m0038,mon_sp/m0038/mon_sp001
1302,monster,m0038,mon_sp/m0038/mon_sp002
1303,monster,m0038,mon_sp/m0038/mon_sp003
1304,monster,m0038,mon_sp/m0038/mon_sp004
1305,monster,m0044,mon_sp/m0044/mon_sp001
1306,monster,m0044,mon_sp/m0044/mon_sp002
1307,monster,m0044,mon_sp/m0044/mon_sp003
1308,monster,m0050,mon_sp/m0050/mon_sp001
1309,monster,m0050,mon_sp/m0050/mon_sp002
1310,monster,m0054,mon_sp/m0054/mon_sp001
1311,monster,m0054,mon_sp/m0054/mon_sp002
1312,monster,m0054,mon_sp/m0054/mon_sp003
1313,monster,m0054,mon_sp/m0054/mon_sp004
1314,monster,m0054,mon_sp/m0054/mon_sp005
1315,monster,m0054,mon_sp/m0054/mon_sp006
1316,monster,m0061,mon_sp/m0061/mon_sp001
1317,monster,m0061,mon_sp/m0061/mon_sp002
1318,monster,m0062,mon_sp/m0062/mon_sp001
1319,monster,m0062,mon_sp/m0062/mon_sp002
1320,monster,m0080,mon_sp/m0080/mon_sp001
1321,monster,m0080,mon_sp/m0080/mon_sp002
1322,monster,m0084,mon_sp/m0084/mon_sp001
1323,monster,m0084,mon_sp/m0084/mon_sp002
1324,monster,m0084,mon_sp/m0084/mon_sp003
1325,monster,m0086,mon_sp/m0086/mon_sp001
1326,monster,m0086,mon_sp/m0086/mon_sp002
1327,monster,m0086,mon_sp/m0086/mon_sp003
1328,monster,m7001,mon_sp/m7001/mon_sp006_hit
1329,monster,m7001,mon_sp/m7001/mon_sp007_hit
1334,monster,m0033,mon_sp/m0033/mon_sp001
1335,monster,m0033,mon_sp/m0033/mon_sp002
1336,monster,m0033,mon_sp/m0033/mon_sp003
1337,monster,m0037,mon_sp/m0037/mon_sp001
1338,monster,m0037,mon_sp/m0037/mon_sp002
1339,monster,m0037,mon_sp/m0037/mon_sp003
1340,monster,m0114,mon_sp/m0114/mon_sp001
1341,monster,m0114,mon_sp/m0114/mon_sp002
1342,monster,m0114,mon_sp/m0114/mon_sp003
1343,monster,m0114,mon_sp/m0114/mon_sp004
1345,monster,m0049,mon_sp/m0049/mon_sp001
1346,monster,m0049,mon_sp/m0049/mon_sp002
1347,monster,m0049,mon_sp/m0049/mon_sp003
1348,monster,m0049,mon_sp/m0049/mon_sp004
1349,monster,m0049,mon_sp/m0049/mon_sp005
1350,monster,m0049,mon_sp/m0049/mon_sp006
1351,monster,m0049,mon_sp/m0049/mon_sp007
1352,monster,m0057,mon_sp/m0057/mon_sp001
1353,monster,m0057,mon_sp/m0057/mon_sp002
1354,monster,m0057,mon_sp/m0057/mon_sp003
1355,monster,m0057,mon_sp/m0057/mon_sp004
1356,monster,m0057,mon_sp/m0057/mon_sp005
1357,monster,m0057,mon_sp/m0057/mon_sp006
1358,monster,m0058,mon_sp/m0058/mon_sp001
1359,monster,m0058,mon_sp/m0058/mon_sp002
1360,monster,m0058,mon_sp/m0058/mon_sp003
1361,monster,m0058,mon_sp/m0058/mon_sp004
1362,monster,m0058,mon_sp/m0058/mon_sp005
1363,monster,m0058,mon_sp/m0058/mon_sp006
1364,monster,m0058,mon_sp/m0058/mon_sp007
1365,monster,m0043,mon_sp/m0043/mon_sp006
1366,monster,m7002,mon_sp/m7002/mon_sp008
1367,monster,m7002,mon_sp/m7002/mon_sp001
1368,monster,m7002,mon_sp/m7002/mon_sp002
1369,monster,m7002,mon_sp/m7002/mon_sp003
1370,monster,m7002,mon_sp/m7002/mon_sp004
1371,monster,m7002,mon_sp/m7002/mon_sp005
1372,monster,m7002,mon_sp/m7002/mon_sp006
1373,monster,m7002,mon_sp/m7002/mon_sp007
1374,monster,m0131,mon_sp/m0131/mon_sp006_hit
1375,monster,m0131,mon_sp/m0131/mon_sp007_hit
1376,monster,m0097,mon_sp/m0097/mon_sp014
1379,monster,m0016,mon_sp/m0016/mon_sp001
1380,monster,m0063,mon_sp/m0063/mon_sp001
1381,monster,m0063,mon_sp/m0063/mon_sp002
1382,monster,m0063,mon_sp/m0063/mon_sp003
1383,monster,m0063,mon_sp/m0063/mon_sp004
1384,monster,m0063,mon_sp/m0063/mon_sp005
1385,monster,m0063,mon_sp/m0063/mon_sp006
1386,monster,m0063,mon_sp/m0063/gc_sp001
1387,monster,m0063,mon_sp/m0063/gc_sp002
1388,monster,m0096,mon_sp/m0096/mon_sp001
1389,monster,m0096,mon_sp/m0096/mon_sp002
1390,monster,m0096,mon_sp/m0096/mon_sp003
1391,monster,m0096,mon_sp/m0096/mon_sp004
1392,monster,m0096,mon_sp/m0096/mon_sp005
1393,monster,m0096,mon_sp/m0096/mon_sp006
1394,monster,m0096,mon_sp/m0096/mon_sp007
1395,monster,m0096,mon_sp/m0096/mon_sp008
1396,monster,m0096,mon_sp/m0096/mon_sp009
1397,monster,m0096,mon_sp/m0096/mon_sp010
1398,monster,m0096,mon_sp/m0096/mon_sp011
1399,monster,m0096,mon_sp/m0096/mon_sp012
1400,monster,m0096,mon_sp/m0096/mon_sp013
1401,monster,m0090,mon_sp/m0090/mon_sp001
1402,monster,m0090,mon_sp/m0090/mon_sp002
1403,monster,m0095,mon_sp/m0095/mon_sp001
1404,monster,m0095,mon_sp/m0095/mon_sp002
1405,monster,m0095,mon_sp/m0095/mon_sp003
1406,monster,m0095,mon_sp/m0095/mon_sp004
1407,monster,m0095,mon_sp/m0095/mon_sp005
1408,monster,m0095,mon_sp/m0095/mon_sp006
1409,monster,m0095,mon_sp/m0095/mon_sp007
1410,monster,m0095,mon_sp/m0095/mon_sp008
1411,monster,m0095,mon_sp/m0095/mon_sp009
1412,monster,m0095,mon_sp/m0095/mon_sp010
1413,monster,m0095,mon_sp/m0095/mon_sp011
1414,monster,m0095,mon_sp/m0095/mon_sp012
1415,monster,m0095,mon_sp/m0095/mon_sp013
1416,monster,m0095,mon_sp/m0095/mon_sp014
1417,monster,m0001,mon_sp/m0001/mon_sp005
1418,monster,m0001,mon_sp/m0001/mon_sp006
1419,monster,m0001,mon_sp/m0001/mon_sp007
1420,monster,m0001,mon_sp/m0001/mon_sp008
1421,monster,m0001,mon_sp/m0001/mon_sp009
1424,monster,m0087,mon_sp/m0087/mon_sp001
1425,monster,m0087,mon_sp/m0087/mon_sp002
1426,monster,m0087,mon_sp/m0087/mon_sp003
1427,monster,m0087,mon_sp/m0087/mon_sp004
1428,monster,m0087,mon_sp/m0087/mon_sp005
1429,monster,m0025,mon_sp/m0025/mon_sp004
1430,monster,m0098,mon_sp/m0098/mon_sp001
1431,monster,m0098,mon_sp/m0098/mon_sp002
1432,monster,m0098,mon_sp/m0098/mon_sp003
1433,monster,m0098,mon_sp/m0098/mon_sp004
1434,monster,m0098,mon_sp/m0098/mon_sp005
1435,monster,m0098,mon_sp/m0098/mon_sp006
1436,monster,m0098,mon_sp/m0098/mon_sp007
1437,monster,m0098,mon_sp/m0098/mon_sp008
1438,monster,m0098,mon_sp/m0098/mon_sp009
1439,monster,m0098,mon_sp/m0098/mon_sp010
1440,monster,m0098,mon_sp/m0098/mon_sp011
1441,monster,m0098,mon_sp/m0098/mon_sp012
1486,monster,m0146,mon_sp/m0146/mon_sp001
1487,monster,m0146,mon_sp/m0146/mon_sp002
1488,monster,m0007,mon_sp/m0007/mon_sp004
1489,monster,m0007,mon_sp/m0007/mon_sp005
1491,monster,m0003,mon_sp/m0003/mon_sp004
1492,monster,m0003,mon_sp/m0003/mon_sp005
1493,monster,m0030,mon_sp/m0030/mon_sp004
1494,monster,m0030,mon_sp/m0030/mon_sp005
1495,monster,m0030,mon_sp/m0030/mon_sp006
1496,monster,m0041,mon_sp/m0041/mon_sp004
1497,monster,m0041,mon_sp/m0041/mon_sp005
1498,monster,m0039,mon_sp/m0039/mon_sp004
1499,monster,m0019,mon_sp/m0019/mon_sp004
1500,monster,m0150,mon_sp/m0150/mon_sp001
1501,monster,m0150,mon_sp/m0150/mon_sp002
1502,monster,m0135,mon_sp/m0135/mon_sp001
1503,monster,m0135,mon_sp/m0135/mon_sp002
1504,monster,m0135,mon_sp/m0135/mon_sp003
1505,monster,m0133,mon_sp/m0133/mon_sp001
1506,monster,m0133,mon_sp/m0133/mon_sp002
1507,monster,m0134,mon_sp/m0134/mon_sp001
1508,monster,m0134,mon_sp/m0134/mon_sp002
1511,monster,m0141,mon_sp/m0141/mon_sp001
1512,monster,m0141,mon_sp/m0141/mon_sp002
1513,monster,m0142,mon_sp/m0142/mon_sp001
1514,monster,m0142,mon_sp/m0142/mon_sp002
1515,monster,m0151,mon_sp/m0151/mon_sp001
1516,monster,m0151,mon_sp/m0151/mon_sp002
1517,monster,m0151,mon_sp/m0151/mon_sp003
1518,monster,m0137,mon_sp/m0137/mon_sp001
1519,monster,m0137,mon_sp/m0137/mon_sp002
1520,monster,m0140,mon_sp/m0140/mon_sp001
1521,monster,m0140,mon_sp/m0140/mon_sp002
1522,monster,m0140,mon_sp/m0140/mon_sp003
1523,monster,m0138,mon_sp/m0138/mon_sp001
1524,monster,m0138,mon_sp/m0138/mon_sp002
1525,monster,m0143,mon_sp/m0143/mon_sp001
1526,monster,m0143,mon_sp/m0143/mon_sp002
1527,monster,m0143,mon_sp/m0143/mon_sp003
1528,monster,m0143,mon_sp/m0143/mon_sp004
1529,monster,m0021,mon_sp/m0021/mon_sp007
1530,monster,m0021,mon_sp/m0021/mon_sp007_hit
1531,monster,m0147,mon_sp/m0147/mon_sp001
1532,monster,m0147,mon_sp/m0147/mon_sp002
1533,monster,m0147,mon_sp/m0147/mon_sp003
1534,monster,m0148,mon_sp/m0148/mon_sp001
1535,monster,m0148,mon_sp/m0148/mon_sp002
1536,monster,m0148,mon_sp/m0148/mon_sp003
1537,monster,m0070,mon_sp/m0070/mon_sp007
1538,monster,m0070,mon_sp/m0070/mon_sp001
1539,monster,m0159,mon_sp/m0159/mon_sp001
1540,monster,m0070,mon_sp/m0070/mon_sp003
1541,monster,m0070,mon_sp/m0070/mon_sp004
1542,monster,m0070,mon_sp/m0070/mon_sp005
1543,monster,m0070,mon_sp/m0070/mon_sp006
1544,monster,m0070,mon_sp/m0070/mon_sp002
1545,monster,m0063,mon_sp/m0063/mon_sp007
1546,monster,m0063,mon_sp/m0063/mon_sp008
1547,monster,m0063,mon_sp/m0063/mon_sp009
1549,monster,m9996,mon_sp/m9996/mon_sp001
1551,monster,m0159,mon_sp/m0159/mon_sp001_hit
1552,monster,m0063,mon_sp/m0063/mon_sp010
1553,monster,m0063,mon_sp/m0063/mon_sp011
1554,monster,m0061,mon_sp/m0061/mon_sp003
1555,monster,m0059,mon_sp/m0059/mon_sp001
1558,monster,m0059,mon_sp/m0059/mon_sp002
1559,monster,m0059,mon_sp/m0059/mon_sp003
1560,monster,m0029,mon_sp/m0029/mon_sp006
1561,monster,m0029,mon_sp/m0029/mon_sp007
1564,monster,m0029,mon_sp/m0029/mon_sp008
1565,monster,m0029,mon_sp/m0029/mon_sp009
1566,monster,m0026,mon_sp/m0026/mon_sp004
1567,monster,m0026,mon_sp/m0026/mon_sp005
1568,monster,m0051,mon_sp/m0051/mon_sp005
1570,monster,m9994,mon_sp/m9994/mon_sp001_hit
1572,monster,m0042,mon_sp/m0042/mon_sp001
1573,monster,m0042,mon_sp/m0042/mon_sp002
1575,monster,m0042,mon_sp/m0042/mon_sp003
1576,monster,m0042,mon_sp/m0042/mon_sp004
1577,monster,m0042,mon_sp/m0042/mon_sp005
1578,monster,m0042,mon_sp/m0042/mon_sp006
1579,monster,m0156,mon_sp/m0156/mon_sp001
1597,monster,m0144,mon_sp/m0144/mon_sp001
1598,monster,m0144,mon_sp/m0144/mon_sp002
1599,monster,m0144,mon_sp/m0144/mon_sp003
1601,monster,m0031,mon_sp/m0031/mon_sp001
1602,monster,m0031,mon_sp/m0031/mon_sp002
1603,monster,m0099,mon_sp/m0099/mon_sp001
1605,monster,m0099,mon_sp/m0099/mon_sp002
1606,monster,m0099,mon_sp/m0099/mon_sp003
1607,monster,m0099,mon_sp/m0099/mon_sp004
1608,monster,m0099,mon_sp/m0099/mon_sp005
1609,monster,m0099,mon_sp/m0099/mon_sp006
1610,monster,m0099,mon_sp/m0099/mon_sp007
1611,monster,m0099,mon_sp/m0099/mon_sp008
1612,monster,m0099,mon_sp/m0099/mon_sp009
1613,monster,m0099,mon_sp/m0099/mon_sp010
1614,monster,m0099,mon_sp/m0099/mon_sp011
1615,monster,m0099,mon_sp/m0099/mon_sp012
1616,monster,m0099,mon_sp/m0099/mon_sp013
1617,monster,m0099,mon_sp/m0099/mon_sp014
1618,monster,m0099,mon_sp/m0099/mon_sp015
1619,monster,m0099,mon_sp/m0099/mon_sp016
1620,monster,m0099,mon_sp/m0099/mon_sp017
1621,monster,m0095,mon_sp/m0095/mon_sp015
1622,monster,m0098,mon_sp/m0098/mon_sp013
1623,monster,m0096,mon_sp/m0096/mon_sp014
1624,monster,m0099,mon_sp/m0099/mon_sp018
1625,monster,m0012,mon_sp/m0012/mon_sp001
1627,monster,m0099,mon_sp/m0099/mon_sp019
1629,monster,m0062,mon_sp/m0062/mon_sp004
1630,monster,m0012,mon_sp/m0012/mon_sp001_hit
1643,monster,m7002,mon_sp/m7002/mon_sp003_hit
1644,monster,m7002,mon_sp/m7002/mon_sp005_hit
1651,monster,m7004,mon_sp/m7004/mon_sp001
1652,monster,m7004,mon_sp/m7004/mon_sp002
1653,monster,m7004,mon_sp/m7004/mon_sp003
1654,monster,m7004,mon_sp/m7004/mon_sp004
1655,monster,m7004,mon_sp/m7004/mon_sp005
1656,monster,m7005,mon_sp/m7005/mon_sp001
1657,monster,m7005,mon_sp/m7005/mon_sp002
1658,monster,m7005,mon_sp/m7005/mon_sp003
1659,monster,m7005,mon_sp/m7005/mon_sp004
1660,monster,m7005,mon_sp/m7005/mon_sp005
1661,monster,m7003,mon_sp/m7003/mon_sp001
1662,monster,m7003,mon_sp/m7003/mon_sp002
1663,monster,m7003,mon_sp/m7003/mon_sp003
1664,monster,m7003,mon_sp/m7003/mon_sp004
1665,monster,m7003,mon_sp/m7003/mon_sp005
1666,monster,m7001,mon_sp/m7001/mon_sp001
1667,monster,m7001,mon_sp/m7001/mon_sp002
1668,monster,m7001,mon_sp/m7001/mon_sp003
1669,monster,m7001,mon_sp/m7001/mon_sp004
1670,monster,m7001,mon_sp/m7001/mon_sp005
1671,monster,m7001,mon_sp/m7001/mon_sp006
1672,monster,m7001,mon_sp/m7001/mon_sp007
1674,monster,m0018,mon_sp/m0018/mon_sp003
1675,monster,m0077,mon_sp/m0077/mon_sp001
1676,monster,m0077,mon_sp/m0077/mon_sp002
1677,monster,m0077,mon_sp/m0077/mon_sp003
1680,monster,m0062,mon_sp/m0062/mon_sp003
1681,monster,m0141,mon_sp/m0141/mon_sp005
1682,monster,m0141,mon_sp/m0141/mon_sp004
1683,monster,m0053,mon_sp/m0053/mon_sp001
1684,monster,m0053,mon_sp/m0053/mon_sp002
1685,monster,m0053,mon_sp/m0053/mon_sp003
1686,monster,m0053,mon_sp/m0053/mon_sp004
1687,monster,m0053,mon_sp/m0053/mon_sp005
1689,monster,m0053,mon_sp/m0053/mon_sp006
1690,monster,m0053,mon_sp/m0053/mon_sp007
1692,monster,m0034,mon_sp/m0034/mon_sp004
1693,monster,m0051,mon_sp/m0051/mon_sp003
1694,monster,m0051,mon_sp/m0051/mon_sp004
1695,monster,m0146,mon_sp/m0146/mon_sp003
1696,monster,m0060,mon_sp/m0060/mon_sp001
1697,monster,m0060,mon_sp/m0060/mon_sp002
1698,monster,m0060,mon_sp/m0060/mon_sp003
1701,monster,m0060,mon_sp/m0060/mon_sp004
1702,monster,m0156,mon_sp/m0156/mon_sp002
1703,monster,m0060,mon_sp/m0060/mon_sp005
1705,monster,m0156,mon_sp/m0156/mon_sp003
1706,monster,m0063,mon_sp/m0063/mon_sp012
1708,monster,m0063,mon_sp/m0063/mon_sp013
1709,monster,m0026,mon_sp/m0026/mon_sp006
1710,monster,m0026,mon_sp/m0026/mon_sp006_hit
1711,monster,m0167,mon_sp/m0167/mon_sp001
1713,monster,m0092,mon_sp/m0092/mon_sp001
1714,monster,m0092,mon_sp/m0092/mon_sp002
1715,monster,m0092,mon_sp/m0092/mon_sp003
1716,monster,m0063,mon_sp/m0063/mon_sp015
1717,monster,m0005,mon_sp/m0005/mon_sp005
1718,monster,m0005,mon_sp/m0005/mon_sp006
1719,monster,m0053,mon_sp/m0053/mon_sp008
1720,monster,m0005,mon_sp/m0005/mon_sp007
1721,monster,m0053,mon_sp/m0053/mon_sp008_hit
1722,monster,m0037,mon_sp/m0037/mon_sp004
1723,monster,m0037,mon_sp/m0037/mon_sp005
1724,monster,m0037,mon_sp/m0037/mon_sp006
1725,monster,m9994,mon_sp/m9994/mon_sp001
1726,monster,m0054,mon_sp/m0054/mon_sp007
1727,monster,m0054,mon_sp/m0054/mon_sp008
1728,monster,m0055,mon_sp/m0055/mon_sp002
1729,monster,m0055,mon_sp/m0055/mon_sp003
1730,monster,m0022,mon_sp/m0022/mon_sp003
1731,monster,m0022,mon_sp/m0022/mon_sp004
1732,monster,m0022,mon_sp/m0022/mon_sp005
1733,monster,m0022,mon_sp/m0022/mon_sp006
1734,monster,m0022,mon_sp/m0022/mon_sp007
1735,monster,m0065,mon_sp/m0065/mon_sp004
1740,monster,m0043,mon_sp/m0043/mon_sp004
1741,monster,m0043,mon_sp/m0043/mon_sp005
1742,monster,m0068,mon_sp/m0068/mon_sp007
1743,monster,m0065,mon_sp/m0065/mon_sp005
1744,monster,m0049,mon_sp/m0049/mon_sp009
1745,monster,m0049,mon_sp/m0049/mon_sp010
1746,monster,m0049,mon_sp/m0049/mon_sp011
1747,monster,m0057,mon_sp/m0057/mon_sp007
1748,monster,m0057,mon_sp/m0057/mon_sp008
1749,monster,m0057,mon_sp/m0057/mon_sp009
1754,monster,m0107,mon_sp/m0107/mon_sp002
1755,monster,m0107,mon_sp/m0107/mon_sp001
1758,monster,m0046,mon_sp/m0046/mon_sp004
1761,monster,m0049,mon_sp/m0049/mon_sp008
1774,monster,m0157,mon_sp/m0157/mon_sp002
1776,monster,m0065,mon_sp/m0065/mon_sp006
1777,monster,m0065,mon_sp/m0065/mon_sp007
1778,monster,m0065,mon_sp/m0065/mon_sp008
1779,monster,m0065,mon_sp/m0065/mon_sp009
1780,monster,m0065,mon_sp/m0065/mon_sp010
1781,monster,m0065,mon_sp/m0065/mon_sp011
1782,monster,m0065,mon_sp/m0065/mon_sp012
1783,monster,m0065,mon_sp/m0065/mon_sp013
1784,monster,m0087,mon_sp/m0087/mon_sp006
1785,monster,m0087,mon_sp/m0087/mon_sp007
1786,monster,m0060,mon_sp/m0060/mon_sp006
1787,monster,m0060,mon_sp/m0060/mon_sp007
1788,monster,m0060,mon_sp/m0060/mon_sp008
1789,monster,m0060,mon_sp/m0060/mon_sp009
1790,monster,m0060,mon_sp/m0060/mon_sp010
1791,monster,m0060,mon_sp/m0060/mon_sp011
1792,monster,m0060,mon_sp/m0060/mon_sp012
1793,monster,m0060,mon_sp/m0060/mon_sp013
1794,monster,m0060,mon_sp/m0060/mon_sp014
1795,monster,m0060,mon_sp/m0060/mon_sp015
1796,monster,m0060,mon_sp/m0060/mon_sp016
1797,monster,m0060,mon_sp/m0060/mon_sp017
1798,monster,m0060,mon_sp/m0060/mon_sp018
1799,monster,m0060,mon_sp/m0060/mon_sp019
1800,monster,m0060,mon_sp/m0060/mon_sp020
1801,monster,m0060,mon_sp/m0060/mon_sp021
1802,monster,m0060,mon_sp/m0060/mon_sp022
1803,monster,m0070,mon_sp/m0070/mon_sp008
1804,monster,m0070,mon_sp/m0070/mon_sp009
1805,monster,m0070,mon_sp/m0070/mon_sp010
1806,monster,m0151,mon_sp/m0151/mon_sp005
1807,monster,m0053,mon_sp/m0053/mon_sp009
1808,monster,m0053,mon_sp/m0053/mon_sp010
1809,monster,m0053,mon_sp/m0053/mon_sp011
1811,monster,m0048,mon_sp/m0048/mon_sp002
1812,monster,m0048,mon_sp/m0048/mon_sp003
1813,monster,m0073,mon_sp/m0073/mon_sp001
1814,monster,m0073,mon_sp/m0073/mon_sp002
1815,monster,m0073,mon_sp/m0073/mon_sp003
1816,monster,m0073,mon_sp/m0073/mon_sp004
1817,monster,m0073,mon_sp/m0073/mon_sp005
1818,monster,m0073,mon_sp/m0073/mon_sp006
1819,monster,m0073,mon_sp/m0073/mon_sp007
1820,monster,m0073,mon_sp/m0073/mon_sp008
1821,monster,m0073,mon_sp/m0073/mon_sp009
1822,monster,m0063,mon_sp/m0063/mon_sp016
1823,monster,m0063,mon_sp/m0063/mon_sp017
1824,monster,m0063,mon_sp/m0063/mon_sp018
1825,monster,m0063,mon_sp/m0063/mon_sp019
1826,monster,m0163,mon_sp/m0163/mon_sp001
1827,monster,m0163,mon_sp/m0163/mon_sp002
1828,monster,m0067,mon_sp/m0067/mon_sp001
1845,monster,m0156,mon_sp/m0156/mon_sp002_hit
1848,monster,m0043,mon_sp/m0043/mon_sp006_hit
1849,monster,m0062,mon_sp/m0062/mon_sp005
1850,monster,m0018,mon_sp/m0018/mon_sp004
1851,monster,m0018,mon_sp/m0018/mon_sp005
1852,monster,m0018,mon_sp/m0018/mon_sp004_hit
1853,monster,m0067,mon_sp/m0067/mon_sp001_hit
1854,monster,m0067,mon_sp/m0067/mon_sp002
1855,monster,m0067,mon_sp/m0067/mon_sp002_hit
1856,monster,m0157,mon_sp/m0157/mon_sp001_hit
1857,monster,m0062,mon_sp/m0062/mon_sp004_hit
1858,monster,m0063,mon_sp/m0063/mon_sp016_hit
1859,monster,m0163,mon_sp/m0163/mon_sp001_hit
1860,monster,m0063,mon_sp/m0063/mon_sp018_hit
1861,monster,m0063,mon_sp/m0063/mon_sp019_hit
1862,monster,m0073,mon_sp/m0073/mon_sp005_hit
1863,monster,m0073,mon_sp/m0073/mon_sp006_hit
1865,monster,m0048,mon_sp/m0048/mon_sp002_hit
1866,monster,m0048,mon_sp/m0048/mon_sp003_hit
1867,monster,m0053,mon_sp/m0053/mon_sp009_hit
1868,monster,m0053,mon_sp/m0053/mon_sp010_hit
1869,monster,m0053,mon_sp/m0053/mon_sp011_hit
1870,monster,m0070,mon_sp/m0070/mon_sp008_hit
1871,monster,m0070,mon_sp/m0070/mon_sp009_hit
1872,monster,m0070,mon_sp/m0070/mon_sp010_hit
1873,monster,m0060,mon_sp/m0060/mon_sp015_hit
1874,monster,m0060,mon_sp/m0060/mon_sp016_hit
1946,monster,m0024,mon_sp/m0024/mon_sp001_hit
1947,monster,m0024,mon_sp/m0024/mon_sp002_hit
1948,monster,m0011,mon_sp/m0011/mon_sp001_hit
1949,monster,m0011,mon_sp/m0011/mon_sp002_hit
1950,monster,m0007,mon_sp/m0007/mon_sp001_hit
1951,monster,m0007,mon_sp/m0007/mon_sp002_hit
1952,monster,m0007,mon_sp/m0007/mon_sp003_hit
1953,monster,m0008,mon_sp/m0008/mon_sp003_hit
1954,monster,m0026,mon_sp/m0026/mon_sp001_hit
1956,monster,m0009,mon_sp/m0009/mon_sp002_hit
1957,monster,m0009,mon_sp/m0009/mon_sp003_hit
1958,monster,m0017,mon_sp/m0017/mon_sp002_hit
1959,monster,m0017,mon_sp/m0017/mon_sp006_hit
1960,monster,m0029,mon_sp/m0029/mon_sp001_hit
1961,monster,m0018,mon_sp/m0018/mon_sp001_hit
1962,monster,m0005,mon_sp/m0005/mon_sp001_hit
1963,monster,m0005,mon_sp/m0005/mon_sp002_hit
1964,monster,m0005,mon_sp/m0005/mon_sp003_hit
1965,monster,m0005,mon_sp/m0005/mon_sp004_hit
1966,monster,m0013,mon_sp/m0013/mon_sp002_hit
1967,monster,m0013,mon_sp/m0013/mon_sp003_hit
1968,monster,m0025,mon_sp/m0025/mon_sp002_hit
1969,monster,m0025,mon_sp/m0025/mon_sp003_hit
1970,monster,m0010,mon_sp/m0010/mon_sp001_hit
1971,monster,m0010,mon_sp/m0010/mon_sp002_hit
1972,monster,m0010,mon_sp/m0010/mon_sp003_hit
1973,monster,m0019,mon_sp/m0019/mon_sp002_hit
1974,monster,m0019,mon_sp/m0019/mon_sp003_hit
1975,monster,m0020,mon_sp/m0020/mon_sp001_hit
1976,monster,m0003,mon_sp/m0003/mon_sp001_hit
1977,monster,m0003,mon_sp/m0003/mon_sp002_hit
1978,monster,m0003,mon_sp/m0003/mon_sp003_hit
1979,monster,m0028,mon_sp/m0028/mon_sp001_hit
1983,monster,m0032,mon_sp/m0032/mon_sp002_hit
1984,monster,m0032,mon_sp/m0032/mon_sp003_hit
1985,monster,m0064,mon_sp/m0064/mon_sp001_hit
1986,monster,m0023,mon_sp/m0023/mon_sp001_hit
1988,monster,m0027,mon_sp/m0027/mon_sp001_hit
1989,monster,m0027,mon_sp/m0027/mon_sp002_hit
1990,monster,m0027,mon_sp/m0027/mon_sp003_hit
1991,monster,m0027,mon_sp/m0027/mon_sp004_hit
1992,monster,m0027,mon_sp/m0027/mon_sp005_hit
1993,monster,m0021,mon_sp/m0021/mon_sp002_hit
1994,monster,m0021,mon_sp/m0021/mon_sp003_hit
1995,monster,m0021,mon_sp/m0021/mon_sp004_hit
1996,monster,m0021,mon_sp/m0021/mon_sp005_hit
1997,monster,m0039,mon_sp/m0039/mon_sp001_hit
1998,monster,m0039,mon_sp/m0039/mon_sp002_hit
1999,monster,m0039,mon_sp/m0039/mon_sp003_hit
2000,monster,m0079,mon_sp/m0079/mon_sp001_hit
2001,monster,m0079,mon_sp/m0079/mon_sp002_hit
2002,monster,m0079,mon_sp/m0079/mon_sp003_hit
2006,monster,m0034,mon_sp/m0034/mon_sp001_hit
2007,monster,m0034,mon_sp/m0034/mon_sp002_hit
2008,monster,m0034,mon_sp/m0034/mon_sp003_hit
2009,monster,m0036,mon_sp/m0036/mon_sp002_hit
2010,monster,m0036,mon_sp/m0036/mon_sp003_hit
2011,monster,m0036,mon_sp/m0036/mon_sp004_hit
2012,monster,m0040,mon_sp/m0040/mon_sp002_hit
2013,monster,m0040,mon_sp/m0040/mon_sp003_hit
2014,monster,m0040,mon_sp/m0040/mon_sp004_hit
2015,monster,m0040,mon_sp/m0040/mon_sp005_hit
2016,monster,m0043,mon_sp/m0043/mon_sp001_hit
2017,monster,m0043,mon_sp/m0043/mon_sp002_hit
2018,monster,m0043,mon_sp/m0043/mon_sp003_hit
2019,monster,m0045,mon_sp/m0045/mon_sp002_hit
2020,monster,m0046,mon_sp/m0046/mon_sp001_hit
2021,monster,m0046,mon_sp/m0046/mon_sp002_hit
2022,monster,m0051,mon_sp/m0051/mon_sp002_hit
2023,monster,m0056,mon_sp/m0056/mon_sp002_hit
2024,monster,m0056,mon_sp/m0056/mon_sp003_hit
2025,monster,m0068,mon_sp/m0068/mon_sp001_hit
2026,monster,m0068,mon_sp/m0068/mon_sp002_hit
2027,monster,m0068,mon_sp/m0068/mon_sp003_hit
2028,monster,m0068,mon_sp/m0068/mon_sp005_hit
2029,monster,m0076,mon_sp/m0076/mon_sp001_hit
2030,monster,m0076,mon_sp/m0076/mon_sp004_hit
2031,monster,m0076,mon_sp/m0076/mon_sp006_hit
2032,monster,m0082,mon_sp/m0082/mon_sp004_hit
2033,monster,m0035,mon_sp/m0035/mon_sp001_hit
2034,monster,m0035,mon_sp/m0035/mon_sp002_hit
2035,monster,m0035,mon_sp/m0035/mon_sp003_hit
2036,monster,m0035,mon_sp/m0035/mon_sp004_hit
2037,monster,m0035,mon_sp/m0035/mon_sp005_hit
2038,monster,m0085,mon_sp/m0085/mon_sp002_hit
2042,monster,m0038,mon_sp/m0038/mon_sp001_hit
2043,monster,m0038,mon_sp/m0038/mon_sp003_hit
2044,monster,m0038,mon_sp/m0038/mon_sp004_hit
2045,monster,m0044,mon_sp/m0044/mon_sp002_hit
2046,monster,m0044,mon_sp/m0044/mon_sp003_hit
2047,monster,m0054,mon_sp/m0054/mon_sp002_hit
2048,monster,m0054,mon_sp/m0054/mon_sp005_hit
2049,monster,m0054,mon_sp/m0054/mon_sp006_hit
2050,monster,m0061,mon_sp/m0061/mon_sp001_hit
2051,monster,m0061,mon_sp/m0061/mon_sp002_hit
2052,monster,m0062,mon_sp/m0062/mon_sp001_hit
2053,monster,m0062,mon_sp/m0062/mon_sp002_hit
2054,monster,m0086,mon_sp/m0086/mon_sp001_hit
2055,monster,m0086,mon_sp/m0086/mon_sp003_hit
2056,monster,m0096,mon_sp/m0096/mon_sp001_hit
2057,monster,m0096,mon_sp/m0096/mon_sp002_hit
2058,monster,m0096,mon_sp/m0096/mon_sp003_hit
2059,monster,m0096,mon_sp/m0096/mon_sp004_hit
2060,monster,m0096,mon_sp/m0096/mon_sp005_hit
2061,monster,m0096,mon_sp/m0096/mon_sp006_hit
2062,monster,m0096,mon_sp/m0096/mon_sp007_hit
2063,monster,m0096,mon_sp/m0096/mon_sp008_hit
2064,monster,m0095,mon_sp/m0095/mon_sp001_hit
2065,monster,m0095,mon_sp/m0095/mon_sp002_hit
2066,monster,m0095,mon_sp/m0095/mon_sp003_hit
2067,monster,m0095,mon_sp/m0095/mon_sp004_hit
2068,monster,m0095,mon_sp/m0095/mon_sp005_hit
2069,monster,m0095,mon_sp/m0095/mon_sp006_hit
2070,monster,m0095,mon_sp/m0095/mon_sp007_hit
2071,monster,m0058,mon_sp/m0058/mon_sp001_hit
2072,monster,m0058,mon_sp/m0058/mon_sp002_hit
2073,monster,m0058,mon_sp/m0058/mon_sp003_hit
2074,monster,m0058,mon_sp/m0058/mon_sp004_hit
2075,monster,m0058,mon_sp/m0058/mon_sp005_hit
2076,monster,m0058,mon_sp/m0058/mon_sp007_hit
2077,monster,m0033,mon_sp/m0033/mon_sp002_hit
2078,monster,m0033,mon_sp/m0033/mon_sp003_hit
2079,monster,m0037,mon_sp/m0037/mon_sp001_hit
2080,monster,m0037,mon_sp/m0037/mon_sp002_hit
2081,monster,m0037,mon_sp/m0037/mon_sp003_hit
2082,monster,m0049,mon_sp/m0049/mon_sp002_hit
2083,monster,m0049,mon_sp/m0049/mon_sp003_hit
2084,monster,m0049,mon_sp/m0049/mon_sp007_hit
2085,monster,m0057,mon_sp/m0057/mon_sp003_hit
2086,monster,m0057,mon_sp/m0057/mon_sp004_hit
2089,monster,m0098,mon_sp/m0098/mon_sp001_hit
2090,monster,m0098,mon_sp/m0098/mon_sp002_hit
2091,monster,m0098,mon_sp/m0098/mon_sp003_hit
2092,monster,m0098,mon_sp/m0098/mon_sp004_hit
2093,monster,m0098,mon_sp/m0098/mon_sp005_hit
2094,monster,m0098,mon_sp/m0098/mon_sp007_hit
2095,monster,m0098,mon_sp/m0098/mon_sp008_hit
2096,monster,m0098,mon_sp/m0098/mon_sp009_hit
2097,monster,m0114,mon_sp/m0114/mon_sp003_hit
2098,monster,m0063,mon_sp/m0063/mon_sp002_hit
2099,monster,m0063,mon_sp/m0063/mon_sp003_hit
2100,monster,m0063,mon_sp/m0063/mon_sp004_hit
2101,monster,m0063,mon_sp/m0063/mon_sp005_hit
2102,monster,m0063,mon_sp/m0063/mon_sp007_hit
2103,monster,m0063,mon_sp/m0063/mon_sp008_hit
2104,monster,m0063,mon_sp/m0063/mon_sp010_hit
2105,monster,m0063,mon_sp/m0063/mon_sp011_hit
2106,monster,m0146,mon_sp/m0146/mon_sp002_hit
2110,monster,m0007,mon_sp/m0007/mon_sp005_hit
2111,monster,m0003,mon_sp/m0003/mon_sp005_hit
2112,monster,m0030,mon_sp/m0030/mon_sp005_hit
2113,monster,m0030,mon_sp/m0030/mon_sp006_hit
2114,monster,m0039,mon_sp/m0039/mon_sp004_hit
2115,monster,m0019,mon_sp/m0019/mon_sp004_hit
2116,monster,m0150,mon_sp/m0150/mon_sp002_hit
2117,monster,m0135,mon_sp/m0135/mon_sp002_hit
2118,monster,m0133,mon_sp/m0133/mon_sp002_hit
2119,monster,m0134,mon_sp/m0134/mon_sp001_hit
2121,monster,m0141,mon_sp/m0141/mon_sp002_hit
2122,monster,m0142,mon_sp/m0142/mon_sp002_hit
2123,monster,m0151,mon_sp/m0151/mon_sp002_hit
2124,monster,m0151,mon_sp/m0151/mon_sp003_hit
2125,monster,m0138,mon_sp/m0138/mon_sp002_hit
2126,monster,m0143,mon_sp/m0143/mon_sp001_hit
2127,monster,m0143,mon_sp/m0143/mon_sp002_hit
2128,monster,m0143,mon_sp/m0143/mon_sp003_hit
2129,monster,m0143,mon_sp/m0143/mon_sp004_hit
2130,monster,m0147,mon_sp/m0147/mon_sp001_hit
2131,monster,m0147,mon_sp/m0147/mon_sp003_hit
2132,monster,m0148,mon_sp/m0148/mon_sp001_hit
2133,monster,m0148,mon_sp/m0148/mon_sp003_hit
2139,monster,m0063,mon_sp/m0063/mon_sp012_hit
2140,monster,m0063,mon_sp/m0063/mon_sp013_hit
2148,monster,m0070,mon_sp/m0070/mon_sp007_hit
2149,monster,m0070,mon_sp/m0070/mon_sp001_hit
2150,monster,m0070,mon_sp/m0070/mon_sp003_hit
2151,monster,m0070,mon_sp/m0070/mon_sp004_hit
2152,monster,m0070,mon_sp/m0070/mon_sp005_hit
2153,monster,m0070,mon_sp/m0070/mon_sp006_hit
2154,monster,m0070,mon_sp/m0070/mon_sp002_hit
2159,monster,m0042,mon_sp/m0042/mon_sp001_hit
2160,monster,m0042,mon_sp/m0042/mon_sp003_hit
2161,monster,m0042,mon_sp/m0042/mon_sp005_hit
2162,monster,m0042,mon_sp/m0042/mon_sp006_hit
2163,monster,m0034,mon_sp/m0034/mon_sp004_hit
2164,monster,m0053,mon_sp/m0053/mon_sp001_hit
2165,monster,m0053,mon_sp/m0053/mon_sp002_hit
2166,monster,m0053,mon_sp/m0053/mon_sp003_hit
2167,monster,m0053,mon_sp/m0053/mon_sp004_hit
2168,monster,m0053,mon_sp/m0053/mon_sp005_hit
2169,monster,m0053,mon_sp/m0053/mon_sp006_hit
2170,monster,m0029,mon_sp/m0029/mon_sp006_hit
2171,monster,m0029,mon_sp/m0029/mon_sp007_hit
2172,monster,m0029,mon_sp/m0029/mon_sp008_hit
2175,monster,m0156,mon_sp/m0156/mon_sp001_hit
2176,monster,m0046,mon_sp/m0046/mon_sp004_hit
2178,monster,m0049,mon_sp/m0049/mon_sp008_hit
2180,monster,m0063,mon_sp/m0063/mon_sp015_hit
2181,monster,m0037,mon_sp/m0037/mon_sp004_hit
2182,monster,m0054,mon_sp/m0054/mon_sp007_hit
2183,monster,m0054,mon_sp/m0054/mon_sp008_hit
2184,monster,m0055,mon_sp/m0055/mon_sp002_hit
2185,monster,m0022,mon_sp/m0022/mon_sp004_hit
2186,monster,m0043,mon_sp/m0043/mon_sp004_hit
2187,monster,m0057,mon_sp/m0057/mon_sp007_hit
2188,monster,m0144,mon_sp/m0144/mon_sp003_hit
2189,monster,m0099,mon_sp/m0099/mon_sp002_hit
2190,monster,m0099,mon_sp/m0099/mon_sp003_hit
2191,monster,m0099,mon_sp/m0099/mon_sp005_hit
2192,monster,m0099,mon_sp/m0099/mon_sp004_hit
2193,monster,m0099,mon_sp/m0099/mon_sp006_hit
2194,monster,m0099,mon_sp/m0099/mon_sp007_hit
2195,monster,m0099,mon_sp/m0099/mon_sp009_hit
2196,monster,m0099,mon_sp/m0099/mon_sp011_hit
2197,monster,m0099,mon_sp/m0099/mon_sp018_hit
2198,monster,m0099,mon_sp/m0099/mon_sp019_hit
2199,monster,m0051,mon_sp/m0051/mon_sp003_hit
2200,monster,m0051,mon_sp/m0051/mon_sp004_hit
2201,monster,m0060,mon_sp/m0060/mon_sp001_hit
2202,monster,m0060,mon_sp/m0060/mon_sp004_hit
2203,monster,m0060,mon_sp/m0060/mon_sp005_hit
2204,monster,m0146,mon_sp/m0146/mon_sp004_hit
2205,monster,m0031,mon_sp/m0031/mon_sp001_hit
2206,monster,m0031,mon_sp/m0031/mon_sp002_hit
2207,monster,m7003,mon_sp/m7003/mon_sp005_hit
2210,monster,m0062,mon_sp/m0062/mon_sp003_hit
2211,monster,m0005,mon_sp/m0005/mon_sp005_hit
2212,monster,m0005,mon_sp/m0005/mon_sp006_hit
2213,monster,m0005,mon_sp/m0005/mon_sp007_hit
2218,monster,m0065,mon_sp/m0065/mon_sp004_hit
2219,monster,m0065,mon_sp/m0065/mon_sp005_hit
2220,monster,m0065,mon_sp/m0065/mon_sp006_hit
2221,monster,m0065,mon_sp/m0065/mon_sp013_hit
2222,monster,m0087,mon_sp/m0087/mon_sp006_hit
2223,monster,m0087,mon_sp/m0087/mon_sp007_hit
2224,monster,m0060,mon_sp/m0060/mon_sp008_hit
2225,monster,m0060,mon_sp/m0060/mon_sp011_hit
2226,monster,m0060,mon_sp/m0060/mon_sp012_hit
2227,monster,m0060,mon_sp/m0060/mon_sp013_hit
2228,monster,m0060,mon_sp/m0060/mon_sp014_hit
2254,monster,m0105,mon_sp/m0105/mon_sp001
2255,monster,m0105,mon_sp/m0105/mon_sp002
2256,monster,m0105,mon_sp/m0105/mon_sp003
2257,monster,m0105,mon_sp/m0105/mon_sp004
2258,monster,m0105,mon_sp/m0105/mon_sp005
2259,monster,m0105,mon_sp/m0105/mon_sp006
2260,monster,m0105,mon_sp/m0105/mon_sp007
2261,monster,m0105,mon_sp/m0105/mon_sp008
2262,monster,m0105,mon_sp/m0105/mon_sp009
2263,monster,m0105,mon_sp/m0105/mon_sp010
2264,monster,m0105,mon_sp/m0105/mon_sp011
2265,monster,m0105,mon_sp/m0105/mon_sp001_hit
2266,monster,m0105,mon_sp/m0105/mon_sp002_hit
2267,monster,m0105,mon_sp/m0105/mon_sp003_hit
2268,monster,m0105,mon_sp/m0105/mon_sp005_hit
2269,monster,m0105,mon_sp/m0105/mon_sp008_hit
2270,monster,m0105,mon_sp/m0105/mon_sp009_hit
2271,monster,m0105,mon_sp/m0105/mon_sp011_hit
2272,monster,m0154,mon_sp/m0154/mon_sp001
2273,monster,m0155,mon_sp/m0155/mon_sp001
2274,monster,m0155,mon_sp/m0155/mon_sp002
2275,monster,m0152,mon_sp/m0152/mon_sp001
2276,monster,m0152,mon_sp/m0152/mon_sp002
2277,monster,m0154,mon_sp/m0154/mon_sp001_hit
2278,monster,m0155,mon_sp/m0155/mon_sp001_hit
2282,common,,normal/event_action_bakuha
2283,monster,m0093,mon_sp/m0093/mon_sp001
2284,monster,m0093,mon_sp/m0093/mon_sp002
2285,monster,m0093,mon_sp/m0093/mon_sp001_hit
2286,monster,m0093,mon_sp/m0093/mon_sp002_hit
2287,monster,m0136,mon_sp/m0136/mon_sp001
2288,monster,m0139,mon_sp/m0139/mon_sp001
2289,monster,m0139,mon_sp/m0139/mon_sp002
2290,monster,m0139,mon_sp/m0139/mon_sp003
2291,monster,m0160,mon_sp/m0160/mon_sp001
2292,monster,m0160,mon_sp/m0160/mon_sp002
2293,monster,m0160,mon_sp/m0160/mon_sp003
2294,monster,m0149,mon_sp/m0149/mon_sp001
2295,monster,m0149,mon_sp/m0149/mon_sp002
2296,monster,m9993,mon_sp/m9993/mon_sp001
2297,monster,m9993,mon_sp/m9993/mon_sp006
2298,monster,m9993,mon_sp/m9993/mon_sp003
2299,monster,m9993,mon_sp/m9993/mon_sp002
2300,monster,m0161,mon_sp/m0161/mon_sp001
2301,monster,m0161,mon_sp/m0161/mon_sp002
2302,monster,m0120,mon_sp/m0120/mon_sp001
2303,monster,m0120,mon_sp/m0120/mon_sp002
2304,monster,m0139,mon_sp/m0139/mon_sp001_hit
2305,monster,m0139,mon_sp/m0139/mon_sp003_hit
2306,monster,m0160,mon_sp/m0160/mon_sp001_hit
2307,monster,m0160,mon_sp/m0160/mon_sp002_hit
2308,monster,m0160,mon_sp/m0160/mon_sp003_hit
2309,monster,m0149,mon_sp/m0149/mon_sp001_hit
2310,monster,m0149,mon_sp/m0149/mon_sp002_hit
2311,monster,m0161,mon_sp/m0161/mon_sp001_hit
2312,monster,m0161,mon_sp/m0161/mon_sp002_hit
2313,monster,m0120,mon_sp/m0120/mon_sp001_hit
2314,monster,m0120,mon_sp/m0120/mon_sp002_hit
2325,monster,m0139,mon_sp/m0139/mon_sp005
2326,monster,m0139,mon_sp/m0139/mon_sp004
2330,monster,m0139,mon_sp/m0139/mon_sp005_hit
2332,monster,m0069,mon_sp/m0069/mon_sp001
2333,monster,m0156,mon_sp/m0156/mon_sp005
2334,monster,m0156,mon_sp/m0156/mon_sp005_hit
2335,monster,m0069,mon_sp/m0069/mon_sp002_hit
2336,monster,m7004,mon_sp/m7004/mon_sp004_hit
2337,monster,m7004,mon_sp/m7004/mon_sp005_hit
2338,monster,m7005,mon_sp/m7005/mon_sp002_hit
2339,monster,m7005,mon_sp/m7005/mon_sp004_hit
2340,monster,m7005,mon_sp/m7005/mon_sp005_hit
2341,monster,m7003,mon_sp/m7003/mon_sp003_hit
2343,monster,m0156,mon_sp/m0156/mon_sp004
2344,monster,m0156,mon_sp/m0156/mon_sp004_hit
2345,monster,m0164,mon_sp/m0164/mon_sp001
2346,monster,m0164,mon_sp/m0164/mon_sp001_hit
2353,monster,m0155,mon_sp/m0155/mon_sp003
2354,monster,m0155,mon_sp/m0155/mon_sp003_hit
2355,monster,m0043,mon_sp/m0043/mon_sp007
2356,monster,m0043,mon_sp/m0043/mon_sp007_hit
2357,monster,m0105,mon_sp/m0105/mon_sp012
2358,monster,m0105,mon_sp/m0105/mon_sp012_hit
2359,monster,m7003,mon_sp/m7003/mon_sp006
2360,monster,m7003,mon_sp/m7003/mon_sp007
2373,monster,m0139,mon_sp/m0139/mon_sp006
2374,monster,m0160,mon_sp/m0160/mon_sp004
2375,monster,m0161,mon_sp/m0161/mon_sp003
2376,monster,m0120,mon_sp/m0120/mon_sp003
2377,monster,m0139,mon_sp/m0139/mon_sp006_hit
2378,monster,m0160,mon_sp/m0160/mon_sp004_hit
2379,monster,m0161,mon_sp/m0161/mon_sp003_hit
2380,monster,m0120,mon_sp/m0120/mon_sp003_hit
2388,monster,m0099,mon_sp/m0099/mon_sp020
2389,monster,m0099,mon_sp/m0099/mon_sp020_hit
2391,monster,m0098,mon_sp/m0098/mon_sp014
2392,monster,m0098,mon_sp/m0098/mon_sp014_hit
2393,monster,m9993,mon_sp/m9993/mon_sp007
2394,monster,m9993,mon_sp/m9993/mon_sp008
2395,monster,m9993,mon_sp/m9993/mon_sp009
2396,monster,m0098,mon_sp/m0098/mon_sp015
2397,monster,m0072,mon_sp/m0072/mon_sp001
2400,monster,m7004,mon_sp/m7004/mon_sp006
2401,monster,m7004,mon_sp/m7004/mon_sp006_hit
2402,monster,m7004,mon_sp/m7004/mon_sp007
2403,monster,m7004,mon_sp/m7004/mon_sp007_hit
2404,monster,m7004,mon_sp/m7004/mon_sp008
2405,monster,m0095,mon_sp/m0095/mon_sp016
2406,monster,m0095,mon_sp/m0095/mon_sp016_hit
2407,monster,m0099,mon_sp/m0099/mon_sp021
2408,monster,m0099,mon_sp/m0099/mon_sp022
2409,monster,m0099,mon_sp/m0099/mon_sp022_hit
2410,monster,m0190,mon_sp/m0190/mon_sp005
2414,monster,m0166,mon_sp/m0166/mon_sp001
2415,monster,m0166,mon_sp/m0166/mon_sp001_hit
2416,monster,m0166,mon_sp/m0166/mon_sp002
2417,monster,m0166,mon_sp/m0166/mon_sp002_hit
2418,monster,m0178,mon_sp/m0178/mon_sp001
2419,monster,m0178,mon_sp/m0178/mon_sp001_hit
2420,monster,m0178,mon_sp/m0178/mon_sp002
2421,monster,m0178,mon_sp/m0178/mon_sp003
2422,monster,m0178,mon_sp/m0178/mon_sp003_hit
2423,monster,m0178,mon_sp/m0178/mon_sp002_hit
2461,monster,m0096,mon_sp/m0096/mon_sp015
2462,monster,m0096,mon_sp/m0096/mon_sp016
2463,monster,m0096,mon_sp/m0096/mon_sp016_hit
2464,monster,m0090,mon_sp/m0090/mon_sp003
2465,monster,m0090,mon_sp/m0090/mon_sp003_hit
2466,monster,m0093,mon_sp/m0093/mon_sp003
2467,monster,m0093,mon_sp/m0093/mon_sp003_hit
2468,monster,m0093,mon_sp/m0093/mon_sp004
2469,monster,m0093,mon_sp/m0093/mon_sp004_hit
2470,monster,m0093,mon_sp/m0093/mon_sp005
2475,monster,m0178,mon_sp/m0178/mon_sp004
2476,monster,m0178,mon_sp/m0178/mon_sp004_hit
2477,monster,m0153,mon_sp/m0153/mon_sp001
2478,monster,m0153,mon_sp/m0153/mon_sp002
2479,monster,m0153,mon_sp/m0153/mon_sp002_hit
2480,monster,m0055,mon_sp/m0055/mon_sp004
2481,monster,m0055,mon_sp/m0055/mon_sp005
2482,monster,m0087,mon_sp/m0087/mon_sp008
2483,monster,m0087,mon_sp/m0087/mon_sp008_hit
2484,monster,m0046,mon_sp/m0046/mon_sp005
2485,monster,m0046,mon_sp/m0046/mon_sp005_hit
2486,monster,m0046,mon_sp/m0046/mon_sp006
2487,monster,m0046,mon_sp/m0046/mon_sp006_hit
2495,monster,m0166,mon_sp/m0166/mon_sp003
2496,monster,m0060,mon_sp/m0060/mon_sp024
2497,monster,m0060,mon_sp/m0060/mon_sp024_hit
2498,monster,m0060,mon_sp/m0060/mon_sp025
2499,monster,m0060,mon_sp/m0060/mon_sp025_hit
2500,monster,m0060,mon_sp/m0060/mon_sp026
2501,monster,m0060,mon_sp/m0060/mon_sp026_hit
2502,monster,m0060,mon_sp/m0060/mon_sp027
2503,monster,m0060,mon_sp/m0060/mon_sp028
2504,monster,m0060,mon_sp/m0060/mon_sp028_hit
2505,monster,m0060,mon_sp/m0060/mon_sp029
2510,monster,m0180,mon_sp/m0180/mon_sp001
2511,monster,m0180,mon_sp/m0180/mon_sp001_hit
2512,monster,m0180,mon_sp/m0180/mon_sp002
2513,monster,m0180,mon_sp/m0180/mon_sp002_hit
2514,monster,m0180,mon_sp/m0180/mon_sp003
2515,monster,m0180,mon_sp/m0180/mon_sp003_hit
2519,monster,m0041,mon_sp/m0041/mon_sp006
2520,monster,m7004,mon_sp/m7004/mon_sp009
2522,monster,m0041,mon_sp/m0041/mon_sp006_hit
2523,monster,m0181,mon_sp/m0181/mon_sp001
2524,monster,m0181,mon_sp/m0181/mon_sp002
2525,monster,m0181,mon_sp/m0181/mon_sp002_hit
2526,monster,m0182,mon_sp/m0182/mon_sp001
2527,monster,m0182,mon_sp/m0182/mon_sp002
2528,monster,m0182,mon_sp/m0182/mon_sp002_hit
2529,monster,m0069,mon_sp/m0069/mon_sp003
2530,monster,m0069,mon_sp/m0069/mon_sp004
2531,monster,m0069,mon_sp/m0069/mon_sp005
2532,monster,m0069,mon_sp/m0069/mon_sp006
2533,monster,m0069,mon_sp/m0069/mon_sp007
2534,monster,m0069,mon_sp/m0069/mon_sp008
2545,monster,m0069,mon_sp/m0069/mon_sp003_hit
2546,monster,m0069,mon_sp/m0069/mon_sp006_hit
2547,monster,m0069,mon_sp/m0069/mon_sp007_hit
2548,monster,m0069,mon_sp/m0069/mon_sp008_hit
2551,monster,m0064,mon_sp/m0064/mon_sp003
2552,monster,m0064,mon_sp/m0064/mon_sp003_hit
2554,monster,m0057,mon_sp/m0057/mon_sp010
2556,monster,m0073,mon_sp/m0073/mon_sp010
2557,monster,m0073,mon_sp/m0073/mon_sp010_hit
2558,monster,m0073,mon_sp/m0073/mon_sp011
2561,monster,m0073,mon_sp/m0073/mon_sp012
2562,monster,m0073,mon_sp/m0073/mon_sp012_hit
2563,monster,m0095,mon_sp/m0095/mon_sp017
2564,monster,m0027,mon_sp/m0027/mon_sp006
2565,monster,m0027,mon_sp/m0027/mon_sp006_hit
2566,monster,m0184,mon_sp/m0184/mon_sp001
2567,monster,m0184,mon_sp/m0184/mon_sp001_hit
2568,monster,m0185,mon_sp/m0185/mon_sp001
2569,monster,m0185,mon_sp/m0185/mon_sp001_hit
2576,monster,m0028,mon_sp/m0028/mon_sp005
2577,monster,m0028,mon_sp/m0028/mon_sp005_hit
2578,monster,m0021,mon_sp/m0021/mon_sp008
2579,monster,m0021,mon_sp/m0021/mon_sp008_hit
2580,monster,m0021,mon_sp/m0021/mon_sp009
2581,monster,m0021,mon_sp/m0021/mon_sp009_hit
2586,monster,m0016,mon_sp/m0016/mon_sp002
2587,monster,m0016,mon_sp/m0016/mon_sp002_hit
2588,monster,m0016,mon_sp/m0016/mon_sp003
2603,monster,m0172,mon_sp/m0172/mon_sp006
2604,monster,m0172,mon_sp/m0172/mon_sp001
2605,monster,m0172,mon_sp/m0172/mon_sp001_hit
2606,monster,m0172,mon_sp/m0172/mon_sp003
2607,monster,m0172,mon_sp/m0172/mon_sp004
2608,monster,m0172,mon_sp/m0172/mon_sp002
2609,monster,m0172,mon_sp/m0172/mon_sp005
2642,monster,m0179,mon_sp/m0179/mon_sp001
2643,monster,m0179,mon_sp/m0179/mon_sp002
2644,monster,m0156,mon_sp/m0156/mon_sp006
2645,monster,m0156,mon_sp/m0156/mon_sp006_hit
2648,monster,m9994,mon_sp/m9994/mon_sp003
2649,monster,m9994,mon_sp/m9994/mon_sp003_hit
2650,monster,m9994,mon_sp/m9994/mon_sp002
2651,monster,m9994,mon_sp/m9994/mon_sp002_hit
2652,monster,m0060,mon_sp/m0060/mon_sp030
2653,monster,m0060,mon_sp/m0060/mon_sp031
2654,common,,normal/dead_pose
2663,monster,m0106,mon_sp/m0106/mon_sp001
2664,monster,m0106,mon_sp/m0106/mon_sp001_hit
2665,monster,m0106,mon_sp/m0106/mon_sp002
2666,monster,m0106,mon_sp/m0106/mon_sp002_hit
2667,monster,m0079,mon_sp/m0079/mon_sp006
2668,monster,m0079,mon_sp/m0079/mon_sp006_hit
2669,monster,m0060,mon_sp/m0060/mon_sp029_hit
2677,monster,m0029,mon_sp/m0029/mon_sp010
2680,common,,normal/event_action_bakuhakemuri
2683,monster,m0099,mon_sp/m0099/mon_sp021_hit
2689,monster,m0184,mon_sp/m0184/mon_sp002
2690,monster,m0021,mon_sp/m0021/mon_sp010
2691,monster,m0021,mon_sp/m0021/mon_sp011
2692,monster,m0097,mon_sp/m0097/mon_sp001
2693,monster,m0097,mon_sp/m0097/mon_sp002
2694,monster,m0097,mon_sp/m0097/mon_sp002_hit
2695,monster,m0097,mon_sp/m0097/mon_sp009
2696,monster,m0097,mon_sp/m0097/mon_sp009_hit
2697,monster,m0190,mon_sp/m0190/mon_sp003
2698,monster,m0190,mon_sp/m0190/mon_sp003_hit
2699,monster,m0190,mon_sp/m0190/mon_sp004
2700,monster,m0097,mon_sp/m0097/mon_sp003
2703,monster,m0097,mon_sp/m0097/mon_sp004
2704,monster,m0190,mon_sp/m0190/mon_sp002
2705,monster,m0097,mon_sp/m0097/mon_sp005
2706,monster,m0097,mon_sp/m0097/mon_sp005_hit
2718,monster,m0097,mon_sp/m0097/mon_sp010
2719,monster,m0097,mon_sp/m0097/mon_sp010_hit
2722,monster,m0156,mon_sp/m0156/mon_sp007
2723,monster,m0156,mon_sp/m0156/mon_sp008
2724,monster,m0156,mon_sp/m0156/mon_sp008_hit
2725,monster,m0097,mon_sp/m0097/mon_sp008
2726,monster,m0097,mon_sp/m0097/mon_sp008_hit
2727,monster,m0097,mon_sp/m0097/mon_sp006
2730,monster,m0097,mon_sp/m0097/mon_sp007
2731,monster,m0097,mon_sp/m0097/mon_sp011
2732,monster,m0097,mon_sp/m0097/mon_sp011_hit
2733,monster,m0097,mon_sp/m0097/mon_sp012
2734,monster,m0097,mon_sp/m0097/mon_sp012_hit
2735,monster,m0190,mon_sp/m0190/mon_sp001
2736,monster,m0097,mon_sp/m0097/mon_sp013
2737,monster,m0054,mon_sp/m0054/mon_sp009
2738,monster,m0054,mon_sp/m0054/mon_sp010
2739,monster,m0054,mon_sp/m0054/mon_sp011
2740,monster,m0158,mon_sp/m0158/mon_sp001
2741,monster,m0158,mon_sp/m0158/mon_sp001_hit
2742,monster,m0158,mon_sp/m0158/mon_sp002
2743,monster,m0158,mon_sp/m0158/mon_sp003
2744,monster,m0158,mon_sp/m0158/mon_sp003_hit
2745,monster,m0003,mon_sp/m0003/mon_sp006
2746,monster,m0003,mon_sp/m0003/mon_sp006_hit
2747,monster,m0010,mon_sp/m0010/mon_sp004
2748,monster,m0010,mon_sp/m0010/mon_sp004_hit
2749,monster,m0115,mon_sp/m0115/mon_sp009
2750,monster,m0115,mon_sp/m0115/mon_sp009_hit
2751,monster,m0196,mon_sp/m0196/mon_sp001
2752,monster,m0196,mon_sp/m0196/mon_sp001_hit
2753,monster,m0196,mon_sp/m0196/mon_sp002
2754,monster,m0196,mon_sp/m0196/mon_sp002_hit
2757,monster,m0196,mon_sp/m0196/mon_sp003
2758,monster,m0196,mon_sp/m0196/mon_sp003_hit
2759,monster,m0196,mon_sp/m0196/mon_sp004
2760,monster,m0196,mon_sp/m0196/mon_sp004_hit
2761,monster,m0196,mon_sp/m0196/mon_sp005
2762,monster,m0196,mon_sp/m0196/mon_sp005_hit
2765,monster,m0196,mon_sp/m0196/mon_sp006
2766,monster,m0196,mon_sp/m0196/mon_sp006_hit
2767,monster,m0196,mon_sp/m0196/mon_sp007
2768,monster,m0196,mon_sp/m0196/mon_sp007_hit
2769,monster,m0196,mon_sp/m0196/mon_sp008
2770,monster,m0196,mon_sp/m0196/mon_sp008_hit
2771,monster,m0196,mon_sp/m0196/mon_sp009
2772,monster,m0106,mon_sp/m0106/mon_sp003
2773,monster,m0106,mon_sp/m0106/mon_sp003_hit
2774,monster,m0106,mon_sp/m0106/mon_sp004
2775,monster,m0106,mon_sp/m0106/mon_sp004_hit
2776,monster,m0196,mon_sp/m0196/mon_sp010
2777,monster,m0196,mon_sp/m0196/mon_sp010_hit
2778,monster,m0021,mon_sp/m0021/mon_sp012
2779,monster,m0021,mon_sp/m0021/mon_sp013
2786,monster,m0021,mon_sp/m0021/mon_sp014
2787,monster,m0021,mon_sp/m0021/mon_sp014_hit
2788,monster,m0021,mon_sp/m0021/mon_sp015
2789,monster,m0196,mon_sp/m0196/mon_sp011
2790,monster,m0196,mon_sp/m0196/mon_sp011_hit
2796,monster,m0060,mon_sp/m0060/mon_sp032
2797,monster,m0060,mon_sp/m0060/mon_sp032_hit
2798,monster,m0060,mon_sp/m0060/mon_sp033
2799,monster,m0060,mon_sp/m0060/mon_sp033_hit
2800,monster,m0060,mon_sp/m0060/mon_sp034
2801,monster,m0060,mon_sp/m0060/mon_sp034_hit
2802,monster,m0163,mon_sp/m0163/mon_sp003
2803,monster,m0163,mon_sp/m0163/mon_sp003_hit
2804,monster,m0163,mon_sp/m0163/mon_sp004
2805,monster,m0163,mon_sp/m0163/mon_sp005
2806,monster,m0163,mon_sp/m0163/mon_sp006
2807,monster,m0163,mon_sp/m0163/mon_sp006_hit
2808,monster,m0163,mon_sp/m0163/mon_sp007
2809,monster,m0163,mon_sp/m0163/mon_sp007_hit
2810,monster,m0054,mon_sp/m0054/mon_sp012
2811,monster,m0054,mon_sp/m0054/mon_sp013
2812,monster,m0054,mon_sp/m0054/mon_sp014
2813,monster,m0054,mon_sp/m0054/mon_sp014_hit
2814,monster,m0195,mon_sp/m0195/mon_sp001
2815,monster,m0195,mon_sp/m0195/mon_sp001_hit
2816,monster,m0195,mon_sp/m0195/mon_sp002
2817,monster,m0195,mon_sp/m0195/mon_sp002_hit
2818,monster,m0195,mon_sp/m0195/mon_sp003
2819,monster,m0195,mon_sp/m0195/mon_sp003_hit
2820,monster,m0195,mon_sp/m0195/mon_sp004
2821,monster,m0194,mon_sp/m0194/mon_sp001
2822,monster,m0194,mon_sp/m0194/mon_sp001_hit
2823,monster,m0064,mon_sp/m0064/mon_sp004
2824,monster,m0064,mon_sp/m0064/mon_sp004_hit
2825,monster,m0064,mon_sp/m0064/mon_sp005
2826,monster,m0064,mon_sp/m0064/mon_sp005_hit
2827,monster,m0064,mon_sp/m0064/mon_sp006
2828,monster,m0064,mon_sp/m0064/mon_sp006_hit
2829,monster,m0064,mon_sp/m0064/mon_sp007
2830,monster,m0064,mon_sp/m0064/mon_sp007_hit
2831,monster,m0064,mon_sp/m0064/mon_sp008
2832,monster,m0064,mon_sp/m0064/mon_sp009
2833,monster,m0064,mon_sp/m0064/mon_sp009_hit
2834,monster,m0156,mon_sp/m0156/mon_sp009
2835,monster,m0005,mon_sp/m0005/mon_sp008
2836,monster,m0005,mon_sp/m0005/mon_sp008_hit
2837,monster,m0005,mon_sp/m0005/mon_sp009
2838,monster,m0005,mon_sp/m0005/mon_sp010
2839,monster,m0005,mon_sp/m0005/mon_sp011
2840,monster,m0005,mon_sp/m0005/mon_sp011_hit
2841,monster,m0005,mon_sp/m0005/mon_sp012
2842,monster,m0005,mon_sp/m0005/mon_sp012_hit
2843,monster,m0005,mon_sp/m0005/mon_sp013
2844,monster,m0005,mon_sp/m0005/mon_sp013_hit
2845,monster,m0005,mon_sp/m0005/mon_sp014
2846,monster,m0005,mon_sp/m0005/mon_sp015
2847,monster,m0005,mon_sp/m0005/mon_sp016
2848,monster,m0005,mon_sp/m0005/mon_sp016_hit
2849,monster,m0005,mon_sp/m0005/mon_sp017
2850,monster,m0005,mon_sp/m0005/mon_sp018
2851,monster,m0005,mon_sp/m0005/mon_sp019
2852,monster,m0005,mon_sp/m0005/mon_sp019_hit
2853,monster,m0087,mon_sp/m0087/mon_sp009
2854,monster,m0010,mon_sp/m0010/mon_sp005
2855,monster,m0010,mon_sp/m0010/mon_sp005_hit
2856,monster,m0010,mon_sp/m0010/mon_sp006
2886,monster,m0198,mon_sp/m0198/mon_sp001
2887,monster,m0198,mon_sp/m0198/mon_sp001_hit
2888,monster,m0198,mon_sp/m0198/mon_sp002
2889,monster,m0198,mon_sp/m0198/mon_sp002_hit
2890,monster,m0197,mon_sp/m0197/mon_sp001
2891,monster,m0197,mon_sp/m0197/mon_sp002
2892,monster,m0197,mon_sp/m0197/mon_sp002_hit
2921,monster,m0183,mon_sp/m0183/mon_sp001
2922,monster,m0183,mon_sp/m0183/mon_sp001_hit
2923,monster,m0183,mon_sp/m0183/mon_sp002
2924,monster,m0183,mon_sp/m0183/mon_sp002_hit
2925,monster,m0183,mon_sp/m0183/mon_sp003
2926,monster,m0183,mon_sp/m0183/mon_sp003_hit
2927,monster,m0183,mon_sp/m0183/mon_sp004
2928,monster,m0183,mon_sp/m0183/mon_sp005
2929,monster,m0171,mon_sp/m0171/mon_sp001
2930,monster,m0171,mon_sp/m0171/mon_sp001_hit
2931,monster,m0171,mon_sp/m0171/mon_sp002
2932,monster,m0171,mon_sp/m0171/mon_sp003
2933,monster,m0171,mon_sp/m0171/mon_sp003_hit
2934,monster,m0171,mon_sp/m0171/mon_sp004
2935,monster,m0171,mon_sp/m0171/mon_sp004_hit
2936,monster,m0171,mon_sp/m0171/mon_sp005
2937,monster,m0059,mon_sp/m0059/mon_sp004
2938,monster,m0059,mon_sp/m0059/mon_sp004_hit
2939,monster,m0059,mon_sp/m0059/mon_sp005
2940,monster,m0059,mon_sp/m0059/mon_sp005_hit
2941,monster,m0058,mon_sp/m0058/mon_sp008
2942,monster,m0058,mon_sp/m0058/mon_sp008_hit
2943,monster,m0058,mon_sp/m0058/mon_sp009
2944,monster,m0058,mon_sp/m0058/mon_sp009_hit
2945,monster,m0058,mon_sp/m0058/mon_sp010
2946,monster,m0058,mon_sp/m0058/mon_sp010_hit
2965,monster,m0156,mon_sp/m0156/mon_sp010
2966,monster,m0156,mon_sp/m0156/mon_sp010_hit
2967,monster,m0115,mon_sp/m0115/mon_sp001
2968,monster,m0115,mon_sp/m0115/mon_sp001_hit
2969,monster,m0115,mon_sp/m0115/mon_sp002
2970,monster,m0115,mon_sp/m0115/mon_sp003
2971,monster,m0115,mon_sp/m0115/mon_sp003_hit
2972,monster,m0115,mon_sp/m0115/mon_sp004
2973,monster,m0115,mon_sp/m0115/mon_sp005
2974,monster,m0115,mon_sp/m0115/mon_sp005_hit
2975,monster,m0115,mon_sp/m0115/mon_sp006
2976,monster,m0115,mon_sp/m0115/mon_sp006_hit
2977,monster,m0115,mon_sp/m0115/mon_sp007
2978,monster,m0115,mon_sp/m0115/mon_sp007_hit
2979,monster,m0115,mon_sp/m0115/mon_sp008
2980,monster,m0055,mon_sp/m0055/mon_sp006
2981,monster,m0055,mon_sp/m0055/mon_sp007
2982,monster,m0055,mon_sp/m0055/mon_sp007_hit
2988,monster,m0196,mon_sp/m0196/mon_sp013
2990,monster,m0027,mon_sp/m0027/mon_sp007
2991,monster,m0027,mon_sp/m0027/mon_sp008
2992,monster,m0027,mon_sp/m0027/mon_sp009
2993,monster,m0027,mon_sp/m0027/mon_sp010
2994,monster,m0027,mon_sp/m0027/mon_sp011
2995,monster,m0027,mon_sp/m0027/mon_sp012
2996,monster,m0027,mon_sp/m0027/mon_sp013
2997,monster,m0027,mon_sp/m0027/mon_sp014
2998,monster,m0027,mon_sp/m0027/mon_sp015
2999,monster,m0027,mon_sp/m0027/mon_sp007_hit
3000,monster,m0027,mon_sp/m0027/mon_sp008_hit
3001,monster,m0027,mon_sp/m0027/mon_sp009_hit
3002,monster,m0027,mon_sp/m0027/mon_sp011_hit
3003,monster,m0027,mon_sp/m0027/mon_sp012_hit
3004,monster,m0027,mon_sp/m0027/mon_sp013_hit
3005,monster,m0027,mon_sp/m0027/mon_sp014_hit
3006,monster,m0027,mon_sp/m0027/mon_sp015_hit
3009,monster,m0131,mon_sp/m0131/mon_sp001
3010,monster,m0131,mon_sp/m0131/mon_sp001_hit
3011,monster,m0131,mon_sp/m0131/mon_sp002
3012,monster,m0131,mon_sp/m0131/mon_sp002_hit
3013,monster,m0131,mon_sp/m0131/mon_sp003
3014,monster,m0131,mon_sp/m0131/mon_sp003_hit
3015,monster,m0131,mon_sp/m0131/mon_sp004
3016,monster,m0131,mon_sp/m0131/mon_sp004_hit
3017,monster,m0131,mon_sp/m0131/mon_sp005
3018,monster,m0131,mon_sp/m0131/mon_sp005_hit
3019,monster,m0131,mon_sp/m0131/mon_sp006
3020,monster,m0131,mon_sp/m0131/mon_sp007
3021,monster,m0131,mon_sp/m0131/mon_sp008
3022,monster,m0131,mon_sp/m0131/mon_sp009
3059,monster,m0196,mon_sp/m0196/mon_sp012
3063,monster,m0176,mon_sp/m0176/mon_sp001
3064,monster,m0176,mon_sp/m0176/mon_sp001_hit
3065,monster,m0200,mon_sp/m0200/mon_sp001
3066,monster,m0200,mon_sp/m0200/mon_sp001_hit
3067,monster,m0201,mon_sp/m0201/mon_sp001
3068,monster,m0201,mon_sp/m0201/mon_sp001_hit
3069,monster,m0056,mon_sp/m0056/mon_sp004
3070,monster,m0056,mon_sp/m0056/mon_sp005
3071,monster,m0056,mon_sp/m0056/mon_sp006
3072,monster,m0056,mon_sp/m0056/mon_sp004_hit
3073,monster,m0056,mon_sp/m0056/mon_sp005_hit
3082,monster,m0189,mon_sp/m0189/mon_sp001
3083,monster,m0189,mon_sp/m0189/mon_sp002
3084,monster,m0189,mon_sp/m0189/mon_sp003
3085,monster,m0189,mon_sp/m0189/mon_sp004
3086,monster,m0189,mon_sp/m0189/mon_sp005
3087,monster,m0189,mon_sp/m0189/mon_sp006
3088,monster,m0189,mon_sp/m0189/mon_sp007
3089,monster,m0189,mon_sp/m0189/mon_sp002_hit
3090,monster,m0189,mon_sp/m0189/mon_sp003_hit
3095,monster,m0199,mon_sp/m0199/mon_sp001
3096,monster,m0199,mon_sp/m0199/mon_sp002
3097,monster,m0199,mon_sp/m0199/mon_sp001_hit
3098,monster,m0199,mon_sp/m0199/mon_sp002_hit
3099,monster,m0171,mon_sp/m0171/mon_sp006
3100,monster,m0171,mon_sp/m0171/mon_sp006_hit
3105,monster,m0005,mon_sp/m0005/mon_sp015_hit
3106,monster,m0005,mon_sp/m0005/mon_sp009_hit
3108,monster,m0056,mon_sp/m0056/mon_sp007
3109,monster,m0056,mon_sp/m0056/mon_sp007_hit
3110,monster,m0156,mon_sp/m0156/mon_sp011
3111,monster,m0156,mon_sp/m0156/mon_sp011_hit
3113,monster,m0131,mon_sp/m0131/mon_sp011
3114,monster,m0131,mon_sp/m0131/mon_sp011_hit
3119,monster,m0189,mon_sp/m0189/mon_sp008
3121,monster,m0199,mon_sp/m0199/mon_sp003
3122,monster,m0199,mon_sp/m0199/mon_sp003_hit
3191,common,,normal/item_action
3192,common,,normal/item_action_start
3193,common,,normal/item_action_loop
3194,common,,normal/item_action_exec
3195,common,,normal/item_action_hit01
3196,common,,normal/item_action_hit02
3197,common,,normal/item_action_hit
3200,common,,normal/telepo_sp1
3281,monster,m0123,mon_sp/m0123/mon_sp001
3282,monster,m0123,mon_sp/m0123/mon_sp001_hit
3283,monster,m0123,mon_sp/m0123/mon_sp002
3284,monster,m0123,mon_sp/m0123/mon_sp002_hit
3285,monster,m0123,mon_sp/m0123/mon_sp003
3286,monster,m0123,mon_sp/m0123/mon_sp003_hit
3287,monster,m0123,mon_sp/m0123/mon_sp004
3288,monster,m0123,mon_sp/m0123/mon_sp004_hit
3291,monster,m0123,mon_sp/m0123/mon_sp005
3292,monster,m0123,mon_sp/m0123/mon_sp005_hit
3293,monster,m0123,mon_sp/m0123/mon_sp006
3294,monster,m0123,mon_sp/m0123/mon_sp006_hit
3295,monster,m0123,mon_sp/m0123/mon_sp007
3296,monster,m0123,mon_sp/m0123/mon_sp007_hit
3300,monster,m7006,mon_sp/m7006/mon_sp001
3301,monster,m7006,mon_sp/m7006/mon_sp001_hit
3302,monster,m7006,mon_sp/m7006/mon_sp002
3303,monster,m7006,mon_sp/m7006/mon_sp003
3304,monster,m7006,mon_sp/m7006/mon_sp003_hit
3306,monster,m0127,mon_sp/m0127/mon_sp001
3307,monster,m0127,mon_sp/m0127/mon_sp002
3308,monster,m0127,mon_sp/m0127/mon_sp002_hit
3309,monster,m0127,mon_sp/m0127/mon_sp003
3312,monster,m0127,mon_sp/m0127/mon_sp004
3313,monster,m0127,mon_sp/m0127/mon_sp004_hit
3314,monster,m0127,mon_sp/m0127/mon_sp005
3315,monster,m0127,mon_sp/m0127/mon_sp005_hit
3316,monster,m0127,mon_sp/m0127/mon_sp006
3317,monster,m0127,mon_sp/m0127/mon_sp006_hit
3322,monster,m0074,mon_sp/m0074/mon_sp001
3323,monster,m0074,mon_sp/m0074/mon_sp001_hit
3324,monster,m0074,mon_sp/m0074/mon_sp002
3325,monster,m0074,mon_sp/m0074/mon_sp002_hit
3326,monster,m0074,mon_sp/m0074/mon_sp003
3327,monster,m0074,mon_sp/m0074/mon_sp003_hit
3328,monster,m0074,mon_sp/m0074/mon_sp004
3331,monster,m0074,mon_sp/m0074/mon_sp005
3332,monster,m0074,mon_sp/m0074/mon_sp005_hit
3333,monster,m0074,mon_sp/m0074/mon_sp006
3334,monster,m0074,mon_sp/m0074/mon_sp006_hit
3337,monster,m0074,mon_sp/m0074/mon_sp007
3338,monster,m0074,mon_sp/m0074/mon_sp007_hit
3339,monster,m0074,mon_sp/m0074/mon_sp008
3340,monster,m0074,mon_sp/m0074/mon_sp009
3341,monster,m0074,mon_sp/m0074/mon_sp009_hit
3344,monster,m0074,mon_sp/m0074/mon_sp010
3345,monster,m0206,mon_sp/m0206/mon_sp004
3346,monster,m0206,mon_sp/m0206/mon_sp005
3347,monster,m0126,mon_sp/m0126/mon_sp001
3348,monster,m0126,mon_sp/m0126/mon_sp001_hit
3349,monster,m0126,mon_sp/m0126/mon_sp002
3350,monster,m0126,mon_sp/m0126/mon_sp002_hit
3351,monster,m0126,mon_sp/m0126/mon_sp003
3352,monster,m0126,mon_sp/m0126/mon_sp003_hit
3353,monster,m0126,mon_sp/m0126/mon_sp004
3354,monster,m0126,mon_sp/m0126/mon_sp004_hit
3355,monster,m0126,mon_sp/m0126/mon_sp005
3356,monster,m0126,mon_sp/m0126/mon_sp005_hit
3357,monster,m0126,mon_sp/m0126/mon_sp006
3358,monster,m0126,mon_sp/m0126/mon_sp007
3359,monster,m0074,mon_sp/m0074/mon_sp011
3360,monster,m0074,mon_sp/m0074/mon_sp011_hit
3361,monster,m0125,mon_sp/m0125/mon_sp001
3362,monster,m0125,mon_sp/m0125/mon_sp001_hit
3363,monster,m0125,mon_sp/m0125/mon_sp002
3364,monster,m0125,mon_sp/m0125/mon_sp002_hit
3365,monster,m0125,mon_sp/m0125/mon_sp003
3366,monster,m0125,mon_sp/m0125/mon_sp003_hit
3367,monster,m0125,mon_sp/m0125/mon_sp004
3368,monster,m0125,mon_sp/m0125/mon_sp004_hit
3369,monster,m0125,mon_sp/m0125/mon_sp005
3370,monster,m0125,mon_sp/m0125/mon_sp005_hit
3371,monster,m0125,mon_sp/m0125/mon_sp006
3372,monster,m0125,mon_sp/m0125/mon_sp007
3373,monster,m0125,mon_sp/m0125/mon_sp008
3374,monster,m0125,mon_sp/m0125/mon_sp008_hit
3379,monster,m0212,mon_sp/m0212/mon_sp001
3380,monster,m0212,mon_sp/m0212/mon_sp001_hit
3381,monster,m0212,mon_sp/m0212/mon_sp002
3382,monster,m0212,mon_sp/m0212/mon_sp002_hit
3383,monster,m0206,mon_sp/m0206/mon_sp001
3384,monster,m0206,mon_sp/m0206/mon_sp001_hit
3385,monster,m0206,mon_sp/m0206/mon_sp002
3386,monster,m0206,mon_sp/m0206/mon_sp002_hit
3387,monster,m0206,mon_sp/m0206/mon_sp003
3388,monster,m0205,mon_sp/m0205/mon_sp001
3389,monster,m0205,mon_sp/m0205/mon_sp001_hit
3390,monster,m0205,mon_sp/m0205/mon_sp002
3391,monster,m0205,mon_sp/m0205/mon_sp002_hit
3398,monster,m0156,mon_sp/m0156/mon_sp012
3399,monster,m0156,mon_sp/m0156/mon_sp013
3400,monster,m0156,mon_sp/m0156/mon_sp014
3401,monster,m0156,mon_sp/m0156/mon_sp015
3402,monster,m0156,mon_sp/m0156/mon_sp015_hit
3403,monster,m0087,mon_sp/m0087/mon_sp010
3404,monster,m0087,mon_sp/m0087/mon_sp010_hit
3405,monster,m0087,mon_sp/m0087/mon_sp011
3406,monster,m0087,mon_sp/m0087/mon_sp011_hit
3407,monster,m0087,mon_sp/m0087/mon_sp012
3408,monster,m0087,mon_sp/m0087/mon_sp012_hit
3409,monster,m0173,mon_sp/m0173/mon_sp001
3410,monster,m0173,mon_sp/m0173/mon_sp001_hit
3411,monster,m0173,mon_sp/m0173/mon_sp002
3412,monster,m0173,mon_sp/m0173/mon_sp002_hit
3413,monster,m0173,mon_sp/m0173/mon_sp003
3414,monster,m0173,mon_sp/m0173/mon_sp003_hit
3415,monster,m0156,mon_sp/m0156/mon_sp013_hit
3416,monster,m0112,mon_sp/m0112/mon_sp001
3417,monster,m0112,mon_sp/m0112/mon_sp001_hit
3418,monster,m0112,mon_sp/m0112/mon_sp002
3419,monster,m0112,mon_sp/m0112/mon_sp002_hit
3420,monster,m0183,mon_sp/m0183/mon_sp006
3421,monster,m0183,mon_sp/m0183/mon_sp007
3422,monster,m0183,mon_sp/m0183/mon_sp008
3423,monster,m0183,mon_sp/m0183/mon_sp008_hit
3424,monster,m0183,mon_sp/m0183/mon_sp009
3427,monster,m0068,mon_sp/m0068/mon_sp008
3428,monster,m0068,mon_sp/m0068/mon_sp008_hit
3429,monster,m0068,mon_sp/m0068/mon_sp009
3432,monster,m0156,mon_sp/m0156/mon_sp016
3433,monster,m0156,mon_sp/m0156/mon_sp017
3434,monster,m0156,mon_sp/m0156/mon_sp018
3435,monster,m0156,mon_sp/m0156/mon_sp018_hit
3436,monster,m0068,mon_sp/m0068/mon_sp010
3439,monster,m0068,mon_sp/m0068/mon_sp011
3440,monster,m0068,mon_sp/m0068/mon_sp011_hit
3447,monster,m0146,mon_sp/m0146/mon_sp005
3448,monster,m0207,mon_sp/m0207/mon_sp001
3449,monster,m0207,mon_sp/m0207/mon_sp002
3450,monster,m0207,mon_sp/m0207/mon_sp002_hit
3451,monster,m0207,mon_sp/m0207/mon_sp003
3452,monster,m0207,mon_sp/m0207/mon_sp003_hit
3453,monster,m0150,mon_sp/m0150/mon_sp003
3454,monster,m0150,mon_sp/m0150/mon_sp003_hit
3455,monster,m0209,mon_sp/m0209/mon_sp001
3456,monster,m0209,mon_sp/m0209/mon_sp001_hit
3457,monster,m0039,mon_sp/m0039/mon_sp005
3458,monster,m0039,mon_sp/m0039/mon_sp005_hit
3459,monster,m0039,mon_sp/m0039/mon_sp006
3460,monster,m0039,mon_sp/m0039/mon_sp006_hit
3461,monster,m0039,mon_sp/m0039/mon_sp007
3465,monster,m0202,mon_sp/m0202/mon_sp001
3466,monster,m0101,mon_sp/m0101/mon_sp001
3467,monster,m0188,mon_sp/m0188/mon_sp001
3468,monster,m0188,mon_sp/m0188/mon_sp001_hit
3472,monster,m0029,mon_sp/m0029/mon_sp011
3473,monster,m0029,mon_sp/m0029/mon_sp011_hit
3474,monster,m0029,mon_sp/m0029/mon_sp012
3475,monster,m0029,mon_sp/m0029/mon_sp012_hit
3476,monster,m0029,mon_sp/m0029/mon_sp013
3477,monster,m0029,mon_sp/m0029/mon_sp013_hit
3478,monster,m0156,mon_sp/m0156/mon_sp019
3479,monster,m0156,mon_sp/m0156/mon_sp019_hit
3480,monster,m0156,mon_sp/m0156/mon_sp020
3481,monster,m0156,mon_sp/m0156/mon_sp020_hit
3482,monster,m0156,mon_sp/m0156/mon_sp021
3483,monster,m0043,mon_sp/m0043/mon_sp008
3484,monster,m0043,mon_sp/m0043/mon_sp008_hit
3485,monster,m0043,mon_sp/m0043/mon_sp009
3486,monster,m0043,mon_sp/m0043/mon_sp010
3487,monster,m0156,mon_sp/m0156/mon_sp022
3488,monster,m0156,mon_sp/m0156/mon_sp022_hit
3489,monster,m0029,mon_sp/m0029/mon_sp014
3490,monster,m0029,mon_sp/m0029/mon_sp014_hit
3491,monster,m0029,mon_sp/m0029/mon_sp015
3492,monster,m0029,mon_sp/m0029/mon_sp015_hit
3493,monster,m0029,mon_sp/m0029/mon_sp016
3494,monster,m0029,mon_sp/m0029/mon_sp016_hit
3497,monster,m0023,mon_sp/m0023/mon_sp005
3498,monster,m0023,mon_sp/m0023/mon_sp005_hit
3499,monster,m0023,mon_sp/m0023/mon_sp003
3504,monster,m0023,mon_sp/m0023/mon_sp004
3505,monster,m0023,mon_sp/m0023/mon_sp004_hit
3506,monster,m0183,mon_sp/m0183/mon_sp010
3507,monster,m0183,mon_sp/m0183/mon_sp010_hit
3508,monster,m0183,mon_sp/m0183/mon_sp011
3509,monster,m0183,mon_sp/m0183/mon_sp011_hit
3510,monster,m0183,mon_sp/m0183/mon_sp012
3511,monster,m0183,mon_sp/m0183/mon_sp012_hit
3512,monster,m0183,mon_sp/m0183/mon_sp013
3513,monster,m0183,mon_sp/m0183/mon_sp013_hit
3514,monster,m0183,mon_sp/m0183/mon_sp014
3515,monster,m0183,mon_sp/m0183/mon_sp015
3516,monster,m0183,mon_sp/m0183/mon_sp016
3522,monster,m0063,mon_sp/m0063/mon_sp022
3523,monster,m0063,mon_sp/m0063/mon_sp022_hit
3524,monster,m0088,mon_sp/m0088/mon_sp001
3525,monster,m0088,mon_sp/m0088/mon_sp001_hit
3526,monster,m0088,mon_sp/m0088/mon_sp002
3527,monster,m0088,mon_sp/m0088/mon_sp002_hit
3528,monster,m0088,mon_sp/m0088/mon_sp003
3529,monster,m0088,mon_sp/m0088/mon_sp003_hit
3530,monster,m0088,mon_sp/m0088/mon_sp004
3531,monster,m0088,mon_sp/m0088/mon_sp004_hit
3532,monster,m0088,mon_sp/m0088/mon_sp005
3533,monster,m0088,mon_sp/m0088/mon_sp005_hit
3534,monster,m0088,mon_sp/m0088/mon_sp006
3535,monster,m0088,mon_sp/m0088/mon_sp006_hit
3536,monster,m0088,mon_sp/m0088/mon_sp007
3537,monster,m0210,mon_sp/m0210/mon_sp001
3538,monster,m0210,mon_sp/m0210/mon_sp001_hit
3539,monster,m0210,mon_sp/m0210/mon_sp002
3540,monster,m0210,mon_sp/m0210/mon_sp002_hit
3541,monster,m0211,mon_sp/m0211/mon_sp001
3542,monster,m0211,mon_sp/m0211/mon_sp001_hit
3543,monster,m0211,mon_sp/m0211/mon_sp002
3544,monster,m0211,mon_sp/m0211/mon_sp002_hit
3548,monster,m0183,mon_sp/m0183/mon_sp014_hit
3549,common,,normal/cannon_2
3556,monster,m0042,mon_sp/m0042/mon_sp007
3557,monster,m0042,mon_sp/m0042/mon_sp007_hit
3558,monster,m0157,mon_sp/m0157/mon_sp003
3559,monster,m0157,mon_sp/m0157/mon_sp003_hit
3560,monster,m0026,mon_sp/m0026/mon_sp007
3561,monster,m0026,mon_sp/m0026/mon_sp007_hit
3566,monster,m0005,mon_sp/m0005/mon_sp020
3567,monster,m0005,mon_sp/m0005/mon_sp020_hit
3568,monster,m0027,mon_sp/m0027/mon_sp017
3569,monster,m0027,mon_sp/m0027/mon_sp017_hit
3570,monster,m0163,mon_sp/m0163/mon_sp008
3571,monster,m0163,mon_sp/m0163/mon_sp008_hit
3572,monster,m0127,mon_sp/m0127/mon_sp003_hit
3573,monster,m0183,mon_sp/m0183/mon_sp017
3574,monster,m0183,mon_sp/m0183/mon_sp017_hit
3576,monster,m0213,mon_sp/m0213/mon_sp001
3577,monster,m0213,mon_sp/m0213/mon_sp001_hit
3578,monster,m0213,mon_sp/m0213/mon_sp002
3579,monster,m0213,mon_sp/m0213/mon_sp002_hit
3580,monster,m0214,mon_sp/m0214/mon_sp001
3581,monster,m0214,mon_sp/m0214/mon_sp001_hit
3585,common,,normal/cannon_3
3588,monster,m0035,mon_sp/m0035/mon_sp006
3589,monster,m0035,mon_sp/m0035/mon_sp006_hit
3591,monster,m0060,mon_sp/m0060/mon_sp035
3592,monster,m0060,mon_sp/m0060/mon_sp035_hit
3594,monster,m0171,mon_sp/m0171/mon_sp007
3595,monster,m0171,mon_sp/m0171/mon_sp007_hit
3597,monster,m0023,mon_sp/m0023/mon_sp006
3703,monster,m0076,mon_sp/m0076/mon_sp009
3704,common,,battle/mon_sp_f_start
3705,common,,battle/mon_sp_f_loop
3738,monster,m0102,mon_sp/m0102/mon_sp008
3761,common,,normal/item_eat_housing
3762,common,,normal/item_drink_housing
3765,common,,normal/item_sp02
3855,common,,battle/magic_ast_start
3856,common,,battle/magic_ast_loop
3888,common,,battle/magic_lgi_start
3889,common,,battle/magic_lgi_loop
3896,common,,battle/magic_ran_start
3897,common,,battle/magic_ran_loop
3898,common,,battle/ast_barrier_loop
3899,common,,battle/attach_start
3900,common,,battle/attach_loop
4185,common,,normal/item_action_map_hit
4189,common,,normal/carry_upper_big_loop
4353,common,,normal/cannon_4
4354,common,,normal/cannon_5
4362,monster,m0167,mon_sp/m0167/mon_sp004
4363,monster,m0254,mon_sp/m0254/mon_sp001
4383,monster,m7101,mon_sp/m7101/mon_sp003
4384,monster,m7101,mon_sp/m7101/mon_sp003_hit
4385,monster,m7101,mon_sp/m7101/mon_sp004
4386,monster,m7101,mon_sp/m7101/mon_sp004_hit
4421,monster,m0236,mon_sp/m0236/mon_sp006
4489,common,,battle/bnpc_weapon_guard
4512,common,,normal/cannon_6
4947,common,,normal/swim_on_idle
4948,common,,normal/swim_on_turn_loop_l
4949,common,,normal/swim_on_turn_loop_r
4950,common,,normal/swim_on_walk
4951,common,,normal/swim_on_walk_l
4952,common,,normal/swim_on_walk_r
4953,common,,normal/swim_on_walk_b
4954,common,,normal/swim_on_run
4955,common,,normal/swim_on_run_l
4956,common,,normal/swim_on_run_r
4957,common,,normal/swim_on_run_start
4958,common,,normal/swim_on_sprint
4959,common,,normal/swim_on_jump_start
4960,common,,normal/swim_on_jump_falling
4961,common,,normal/swim_on_jump_landing
4962,common,,normal/swim_on_into1
4963,common,,normal/swim_on_out1
4964,common,,normal/swim_on_dead
4965,common,,normal/swim_on_dead_pose
4966,common,,normal/swim_under_dead
4967,common,,normal/swim_under_dead_pose
4968,common,,normal/swim_under_idle
4969,common,,normal/swim_under_turn_loop_l
4970,common,,normal/swim_under_turn_loop_r
4971,common,,normal/swim_under_walk
4972,common,,normal/swim_under_walk_l
4973,common,,normal/swim_under_walk_r
4974,common,,normal/swim_under_walk_b
4975,common,,normal/swim_under_run
4976,common,,normal/swim_under_run_l
4977,common,,normal/swim_under_run_r
4978,common,,normal/swim_under_run_start
4979,common,,normal/swim_under_sprint
4980,common,,normal/swim_under_up
4981,common,,normal/swim_under_down
4982,common,,normal/swim_dive_start
4983,common,,normal/swim_dive_end
4984,common,,normal/swim_rise_start
4985,common,,normal/swim_rise_end
4992,common,,normal/u_lookaction_start
4993,common,,normal/u_lookaction_loop
4994,common,,normal/u_lookaction_end
4995,common,,normal/u_fueaction_start
4996,common,,normal/u_fueaction_loop
4997,common,,normal/u_fueaction_end
4998,common,,normal/u_searchaction_start
4999,common,,normal/u_searchaction_loop
5000,common,,normal/u_searchaction_end
5001,common,,normal/swim_on_revive
5002,common,,normal/swim_under_revive
5064,monster,m0361,mon_sp/m0361/mon_sp004
5065,monster,m0361,mon_sp/m0361/mon_sp006
5066,monster,m0361,mon_sp/m0361/mon_sp005
5067,monster,m0354,mon_sp/m0354/mon_sp003
5068,monster,m0354,mon_sp/m0354/mon_sp004
5116,common,,battle/magic_sam_start
5117,common,,battle/magic_sam_loop
5155,common,,battle/magic_rdm_start
5156,common,,battle/magic_rdm_loop
5216,monster,m7001,mon_sp/m7001/mon_sp002_hit
5259,monster,m7001,mon_sp/m7001/mon_sp010
5292,common,,battle/swim_on_dead
5293,common,,battle/swim_on_dead_pose
5303,common,,normal/swim_under_searchaction_start
5304,common,,normal/swim_under_searchaction_loop
5305,common,,normal/swim_under_searchaction_end
5306,common,,normal/effect_warp01
5312,common,,normal/event_item_bakuha
5313,common,,normal/event_item_bakuhakemuri
5507,common,,normal/event_item_multibakuha
5520,common,,normal/event_item_multienmaku
5538,common,,battle/idle
5588,common,,normal/swo_carry_upper_loop
5589,common,,normal/swo_carry_upper_big_loop
5691,common,,normal/event_item_thunder
5704,common,,normal/magic_healaction_loop
5705,common,,normal/magic_healaction_out
5765,common,,normal/swim_on_item_start
5766,common,,normal/swim_on_item_loop
5767,common,,normal/swim_on_item_end
5768,common,,normal/swim_under_item_start
5769,common,,normal/swim_under_item_loop
5770,common,,normal/swim_under_item_end
5771,common,,normal/swim_on_item_action
5772,common,,normal/swim_on_item_action_start
5773,common,,normal/swim_on_item_action_loop
5774,common,,normal/swim_on_item_action_exec
5775,common,,normal/swim_under_item_action
5776,common,,normal/swim_under_item_action_start
5777,common,,normal/swim_under_item_action_loop
5778,common,,normal/swim_under_item_action_exec
5900,monster,m0276,mon_sp/m0276/mon_sp_dmg_bm
5922,common,,battle/mon_sp_g_start
5923,common,,battle/mon_sp_g_loop
5924,common,,battle/mon_sp_h_start
5925,common,,battle/mon_sp_h_loop
6217,common,,normal/swim_under_treasure_search
6559,common,,battle/magic_aoz_start
6560,common,,battle/magic_aoz_loop
7018,monster,m0271,mon_sp/m0271/mon_sp035
7019,monster,m0271,mon_sp/m0271/mon_sp036
7020,monster,m0271,mon_sp/m0271/mon_sp037
7021,monster,m0271,mon_sp/m0271/mon_sp037_hit
7107,monster,m7106,mon_sp/m7106/mon_sp001
7109,monster,m7106,mon_sp/m7106/mon_sp003
7111,monster,m7106,mon_sp/m7106/mon_sp002
7137,monster,m7001,mon_sp/m7001/mon_sp011
7138,monster,m7001,mon_sp/m7001/mon_sp011_hit
7140,monster,m7001,mon_sp/m7001/mon_sp004_hit
7164,monster,m7001,mon_sp/m7001/mon_sp011_bm
7187,monster,m7002,mon_sp/m7002/mon_sp031
7188,monster,m7002,mon_sp/m7002/mon_sp031_hit
7189,monster,m7002,mon_sp/m7002/mon_sp032
7190,monster,m7002,mon_sp/m7002/mon_sp032_hit
7191,monster,m7002,mon_sp/m7002/mon_sp033
7192,monster,m7005,mon_sp/m7005/mon_sp031
7193,monster,m7005,mon_sp/m7005/mon_sp031_hit
7194,monster,m7005,mon_sp/m7005/mon_sp032
7195,monster,m7005,mon_sp/m7005/mon_sp032_hit
7196,monster,m7004,mon_sp/m7004/mon_sp031
7318,common,,battle/magic_ytc_start
7319,common,,battle/magic_ytc_loop
7335,common,,normal/u_item_eat_housing
7336,common,,normal/u_item_drink_housing
7346,common,,normal/hwd_fate_hammer_hit_wall_loop
7347,common,,normal/hwd_fate_saw_wood_loop
7364,common,,normal/hwd_fate_mining_loop
7365,common,,normal/hwd_fate_tonbo_loop
7366,common,,normal/hwd_fate_broom_loop
7394,common,,normal/hwd_fate_hammer_hit_wall_stone_loop
7399,common,,normal/hwd_fate_level_loop
7421,common,,normal/hwd_fate_sewing
7450,common,,battle/mon_sp_i_start
7451,common,,battle/mon_sp_i_loop
7557,common,,battle/run_slide_l
7558,common,,battle/run_slide_r
7583,monster,m0631,mon_sp/m0631/mon_sp006
7584,monster,m0631,mon_sp/m0631/mon_sp007
7585,monster,m0631,mon_sp/m0631/mon_sp008
7586,monster,m0631,mon_sp/m0631/mon_sp009
7836,common,,battle/mon_sp_j_start
7837,common,,battle/mon_sp_j_loop
7996,monster,m0695,mon_sp/m0695/mon_sp001
8079,common,,normal/item_sp02_mji
8101,common,,normal/item_sp02_mji02
8108,common,,normal/item_sp02_mji03
8121,common,,normal/item_sp02_mji04
8189,common,,normal/item_sp03
8274,monster,m7003,mon_sp/m7003/mon_sp008
8275,monster,m7004,mon_sp/m7004/mon_sp010
8292,common,,battle/magic_2fa_start
8293,common,,battle/magic_2fa_loop
8295,common,,battle/magic_2fb_start
8296,common,,battle/magic_2fb_loop
8327,common,,battle/magic_2fc_start
8328,common,,battle/magic_2fc_loop
8342,common,,battle/magic_rr1_start
8343,common,,battle/magic_rr1_loop
8354,common,,battle/idle_rrp
8365,common,,battle/magic_rr3_start
8366,common,,battle/magic_rr3_loop
8405,common,,battle/magic_2fb_start_bm
8406,common,,battle/magic_2fb_loop_bm
8419,common,,battle/magic_rr2_start
8420,common,,battle/magic_rr2_loop
8421,common,,battle/magic_2fd_start
8422,common,,battle/magic_2fd_loop
8423,monster,m7003,mon_sp/m7003/mon_sp009
8424,monster,m7003,mon_sp/m7003/mon_sp010
8425,monster,m7004,mon_sp/m7004/mon_sp011
8426,monster,m7004,mon_sp/m7004/mon_sp012
8427,monster,m7005,mon_sp/m7005/mon_sp006
8428,monster,m7005,mon_sp/m7005/mon_sp007
8524,common,,battle/0framehit
8585,monster,m7002,mon_sp/m7002/mon_sp038
8586,monster,m7002,mon_sp/m7002/mon_sp039
8587,monster,m7002,mon_sp/m7002/mon_sp040
8588,monster,m7002,mon_sp/m7002/mon_sp041
8589,monster,m7002,mon_sp/m7002/mon_sp042
8661,monster,m0080,mon_sp/m0080/mon_sp006_hit
8912,monster,m0713,mon_sp/m0713/mon_sp005
8913,monster,m0713,mon_sp/m0713/mon_sp013
8918,monster,m0720,mon_sp/m0720/mon_sp012
8932,monster,m0758,mon_sp/m0758/mon_sp007
8933,common,,battle/mon_sp_k_start
8934,common,,battle/mon_sp_k_loop
8935,common,,battle/dead
8936,common,,battle/dead_pose
8951,monster,m0361,mon_sp/m0361/mon_sp041
8981,monster,m0060,mon_sp/m0060/mon_sp041
8987,monster,m0060,mon_sp/m0060/mon_sp042
9082,common,,normal/idle
9084,common,,normal/idle
9118,common,,battle/battle_start_null
10541,monster,m0099,mon_sp/m0099/mon_sp041
10542,monster,m0099,mon_sp/m0099/mon_sp042
10543,monster,m0099,mon_sp/m0099/mon_sp043
10592,monster,m0099,mon_sp/m0099/mon_sp044
10594,monster,m0099,mon_sp/m0099/mon_sp045
10662,common,,battle/mon_sp_l_start
10663,common,,battle/mon_sp_l_loop
10740,monster,m0060,mon_sp/m0060/mon_sp043
10741,monster,m0060,mon_sp/m0060/mon_sp044
10742,monster,m0070,mon_sp/m0070/mon_sp041
10774,monster,m0058,mon_sp/m0058/mon_sp041
10834,monster,m0196,mon_sp/m0196/mon_sp041
10880,monster,m0403,mon_sp/m0403/mon_sp041
10881,monster,m0403,mon_sp/m0403/mon_sp042
10882,monster,m0403,mon_sp/m0403/mon_sp043
10883,monster,m0403,mon_sp/m0403/mon_sp044
10884,monster,m0403,mon_sp/m0403/mon_sp045
10885,monster,m0403,mon_sp/m0403/mon_sp046
10886,monster,m0403,mon_sp/m0403/mon_sp047
10887,monster,m0403,mon_sp/m0403/mon_sp048
10888,monster,m0403,mon_sp/m0403/mon_sp049
10889,monster,m0403,mon_sp/m0403/mon_sp050
10890,monster,m0403,mon_sp/m0403/mon_sp051
10891,monster,m0403,mon_sp/m0403/mon_sp052
10892,monster,m0403,mon_sp/m0403/mon_sp053
10893,monster,m0403,mon_sp/m0403/mon_sp054
10894,monster,m0403,mon_sp/m0403/mon_sp055
10895,monster,m0403,mon_sp/m0403/mon_sp056
10896,monster,m0403,mon_sp/m0403/mon_sp057
10897,monster,m0403,mon_sp/m0403/mon_sp058
10898,monster,m0196,mon_sp/m0196/mon_sp042
10915,monster,m0118,mon_sp/m0118/mon_sp041
11018,monster,m0073,mon_sp/m0073/mon_sp041
11019,monster,m0073,mon_sp/m0073/mon_sp042
11020,monster,m0073,mon_sp/m0073/mon_sp043
11025,monster,m0857,mon_sp/m0857/mon_sp027_hit
11039,monster,m0070,mon_sp/m0070/mon_sp042
11040,monster,m0070,mon_sp/m0070/mon_sp043
11041,monster,m0070,mon_sp/m0070/mon_sp044
11093,monster,m0058,mon_sp/m0058/mon_sp042
11101,common,,battle/mon_sp_c_start
11102,common,,battle/mon_sp_c_loop
11103,common,,battle/mon_sp_d_start
11104,common,,battle/mon_sp_d_loop
11224,monster,m0060,mon_sp/m0060/mon_sp045
11230,monster,m0183,mon_sp/m0183/mon_sp041
11236,common,,battle/mon_sp_e_start
11237,common,,battle/mon_sp_e_loop
11251,monster,m0183,mon_sp/m0183/mon_sp042
11255,monster,m0888,mon_sp/m0888/mon_sp041
11257,monster,m0889,mon_sp/m0889/mon_sp014
11258,monster,m0888,mon_sp/m0888/mon_sp042
11259,monster,m0888,mon_sp/m0888/mon_sp043
11277,monster,m0118,mon_sp/m0118/mon_sp042
11279,monster,m0060,mon_sp/m0060/mon_sp046
11338,monster,m0058,mon_sp/m0058/mon_sp043
11364,monster,m0183,mon_sp/m0183/mon_sp043
11371,monster,m0074,mon_sp/m0074/mon_sp041
11372,monster,m0074,mon_sp/m0074/mon_sp042
11373,monster,m0074,mon_sp/m0074/mon_sp043
11374,monster,m0074,mon_sp/m0074/mon_sp044
11375,monster,m0074,mon_sp/m0074/mon_sp045
11376,monster,m0074,mon_sp/m0074/mon_sp046
11377,monster,m0074,mon_sp/m0074/mon_sp047
11378,monster,m0074,mon_sp/m0074/mon_sp048
11405,monster,m0156,mon_sp/m0156/mon_sp041
11440,monster,m0106,mon_sp/m0106/hide/mon_sp018_hit
11450,monster,m0156,mon_sp/m0156/mon_sp042
11539,common,,battle/magic_brd_start
11540,common,,battle/magic_brd_loop
11543,common,,battle/magic_mcn_start
11544,common,,battle/magic_mcn_loop
11557,common,,normal/item_pvp_start
11558,common,,normal/item_pvp_loop
11559,common,,normal/item_pvp_end
11577,common,,normal/decifer_start
11578,common,,normal/decifer_loop
11579,common,,normal/decifer_exec
11580,common,,normal/swim_on_decifer_start
11581,common,,normal/swim_on_decifer_loop
11582,common,,normal/swim_on_decifer_exec
11583,common,,normal/swim_under_decifer_start
11584,common,,normal/swim_under_decifer_loop
11585,common,,normal/swim_under_decifer_exec
11750,common,,battle/magic_pt1_start
11751,common,,battle/magic_pt1_loop
11755,common,,battle/magic_pt2_start
11756,common,,battle/magic_pt2_loop
11768,common,,battle/magic_pt3_start
11769,common,,battle/magic_pt3_loop
11915,common,,battle/magic_blb_start
11916,common,,battle/magic_blb_loop
11924,common,,battle/magic_pt4_start
11925,common,,battle/magic_pt4_loop
11926,common,,battle/magic_pt5_start
11927,common,,battle/magic_pt5_loop
11928,common,,battle/magic_pt6_start
11929,common,,battle/magic_pt6_loop
11930,common,,battle/magic_pt7_start
11931,common,,battle/magic_pt7_loop
11932,common,,battle/magic_pt8_start
11933,common,,battle/magic_pt8_loop
11934,common,,battle/magic_pt9_start
11935,common,,battle/magic_pt9_loop
11936,common,,battle/magic_pt10_start
11937,common,,battle/magic_pt10_loop
11938,common,,battle/magic_pt11_start
11939,common,,battle/magic_pt11_loop
11940,common,,battle/magic_pt12_start
11941,common,,battle/magic_pt12_loop
11945,common,,battle/magic_pt13_start
11946,common,,battle/magic_pt13_loop
12001,common,,battle/style1/idle
12002,common,,battle/style1/walk
12003,common,,battle/style1/walk_l
12004,common,,battle/style1/walk_r
12005,common,,battle/style1/walk_b
12006,common,,battle/style1/turn_loop_l
12007,common,,battle/style1/turn_loop_r
12008,common,,battle/style1/run
12009,common,,battle/style1/run_l
12010,common,,battle/style1/run_r
12011,common,,battle/style1/sprint
12012,common,,battle/style1/jump_start
12013,common,,battle/style1/jump_falling
12014,common,,battle/style1/jump_landing
12015,common,,battle/style1/pvp_common/s_sprint_bt
12016,common,,battle/style1/pvp_common/s_sprint_bt_lrdb
12017,common,,battle/style1/pvp_common/s_sprint_bt_rrdb
12081,common,,battle/magic_pt2_start_bm
12082,common,,battle/magic_pt2_loop_bm
12086,common,,battle/magic_pt3_start_bm
12087,common,,battle/magic_pt3_loop_bm
12091,common,,battle/magic_pt6_start_bm
12092,common,,battle/magic_pt6_loop_bm
12093,common,,battle/magic_pt7_start_bm
12094,common,,battle/magic_pt7_loop_bm
12117,common,,battle/magic_pvp_start
12118,common,,battle/magic_pvp_loop
12119,common,,battle/magic_pvp_end
12132,common,,battle/magic_blc_start
12133,common,,battle/magic_blc_loop
12468,common,,normal/event_action_wks4_end
12469,common,,normal/event_action_wks8_end
12470,common,,normal/event_action_wks1_end
12471,common,,normal/event_action_wks2_end
12472,common,,normal/event_action_wks3_end
12473,common,,normal/event_action_wks5_end
12474,common,,normal/event_action_wks7_end
12480,common,,normal/event_action_wks6_end
12481,common,,normal/event_action_wks9_end
12482,common,,normal/event_action_wks10_end
12534,common,,normal/wks_fate_mining_loop
12535,common,,normal/event_action_wks11_end
12536,common,,normal/event_action_wks19_end
12538,common,,normal/event_action_wks12_end
12539,common,,normal/event_action_wks14_end
12541,common,,normal/event_action_wks15_end
12542,common,,normal/event_action_wks16_end
12544,common,,normal/event_action_wks17_end
12545,common,,normal/event_action_wks18_end
12557,common,,normal/carry_upper_wks026_start
12558,common,,normal/carry_upper_wks026_loop
12559,common,,normal/carry_upper_wks027_big_start
12560,common,,normal/carry_upper_wks027_big_loop
12632,common,,normal/event_action_wks20_end
12658,common,,normal/event_action_wks21_end
12659,common,,normal/event_action_wks22_end
12660,common,,normal/carry_upper_wks034_start
12661,common,,normal/carry_upper_wks034_loop
12662,common,,normal/event_action_wks23_end
12672,common,,normal/event_action_wks24_end
12778,monster,m7001,mon_sp/m7001/mon_sp012
12779,monster,m7001,mon_sp/m7001/mon_sp013
14581,monster,m0935,mon_sp/m0935/mon_sp015
14598,monster,m0934,mon_sp/m0934/mon_sp061
14599,monster,m0934,mon_sp/m0934/mon_sp062
14619,common,,battle/p1_mon_sp_a_start
14620,common,,battle/p1_mon_sp_a_loop
14621,common,,battle/p1_mon_sp_b_start
14622,common,,battle/p1_mon_sp_b_loop
14623,common,,battle/p1_mon_sp_c_start
14624,common,,battle/p1_mon_sp_c_loop
14625,monster,m0945,mon_sp/m0945/p1_mon_sp001
14626,monster,m0945,mon_sp/m0945/p1_mon_sp002
14627,monster,m0945,mon_sp/m0945/p1_mon_sp003
14628,monster,m0945,mon_sp/m0945/p1_mon_sp004
14756,common,,battle/mon_sp_a_short_start
14757,common,,battle/mon_sp_a_short_loop
14780,common,,battle/mon_sp_b_short_start
14781,common,,battle/mon_sp_b_short_loop
14782,common,,battle/mon_sp_c_short_start
14783,common,,battle/mon_sp_c_short_loop
14784,common,,battle/mon_sp_d_short_start
14785,common,,battle/mon_sp_d_short_loop
14795,monster,m0554,mon_sp/m0554/mon_sp013
14895,monster,m0941,mon_sp/m0941/mon_sp006_hit
14935,common,,battle/mon_sp_a_short2_start
14936,common,,battle/mon_sp_a_short2_loop
14937,common,,battle/mon_sp_b_short2_start
14938,common,,battle/mon_sp_b_short2_loop
14999,monster,m0183,mon_sp/m0183/mon_sp061
15000,monster,m0183,mon_sp/m0183/mon_sp062
15001,monster,m0183,mon_sp/m0183/mon_sp063
15150,monster,m0183,mon_sp/m0183/mon_sp067
